latitude,longitude,bright_ti4,scan,track,acq_date,acq_time,satellite,instrument,confidence,version,bright_ti5,frp,daynight,source_sensor,brightness,bright_t31,dist_to_industrial_km,grid_lat,grid_lon,recurrence_days
9.70498,77.43482,295.89,0.45,0.47,2026-08-25,2055,N,VIIRS,n,2.0NRT,271.73,1.89,N,VIIRS_SNPP_NRT,,,413.8045543627404,9.7,77.43,1
10.21385,79.24151,330.12,0.42,0.37,2026-08-25,822,N,VIIRS,n,2.0NRT,278.65,3.48,D,VIIRS_SNPP_NRT,,,273.22069031095043,10.21,79.24,1
10.2144,79.2453,332.07,0.42,0.37,2026-08-25,822,N,VIIRS,n,2.0NRT,277.4,4.51,D,VIIRS_SNPP_NRT,,,273.01366144725375,10.21,79.25,1
14.20531,77.38112,337.11,0.39,0.36,2026-08-25,822,N,VIIRS,n,2.0NRT,297.5,3.89,D,VIIRS_SNPP_NRT,,,236.3122770637064,14.21,77.38,1
14.86806,79.7366,350.15,0.48,0.4,2026-08-25,822,N,VIIRS,n,2.0NRT,299.64,9.7,D,VIIRS_SNPP_NRT,,,101.71746856572447,14.87,79.74,1
14.87239,78.05413,309.87,0.4,0.44,2026-08-25,2055,N,VIIRS,n,2.0NRT,281.77,2.06,N,VIIRS_SNPP_NRT,,,195.19836410532184,14.87,78.05,1
15.10937,76.80316,296.23,0.44,0.62,2026-08-25,2114,N20,VIIRS,n,2.0NRT,286.09,2.57,N,VIIRS_NOAA20_NRT,,,326.8478314708931,15.11,76.8,1
15.11204,76.8075,300.58,0.44,0.62,2026-08-25,2114,N20,VIIRS,n,2.0NRT,287.16,2.02,N,VIIRS_NOAA20_NRT,,,326.54709505074374,15.11,76.81,2
15.17508,76.67832,297.22,0.5,0.41,2026-08-25,2053,N,VIIRS,n,2.0NRT,285.37,2.28,N,VIIRS_SNPP_NRT,,,342.07187067171844,15.18,76.68,3
15.1759,76.67371,305.07,0.5,0.41,2026-08-25,2053,N,VIIRS,n,2.0NRT,286.46,0.71,N,VIIRS_SNPP_NRT,,,342.5596306443246,15.18,76.67,4
15.33927,76.27831,307.71,0.4,0.6,2026-08-25,2114,N20,VIIRS,n,2.0NRT,286.95,2.0,N,VIIRS_NOAA20_NRT,,,388.69113206421906,15.34,76.28,3
15.38928,75.22285,331.45,0.42,0.45,2026-08-25,841,N20,VIIRS,n,2.0NRT,297.05,3.57,D,VIIRS_NOAA20_NRT,,,409.5712191027757,15.39,75.22,1
15.65774,78.98273,344.31,0.45,0.39,2026-08-25,822,N,VIIRS,n,2.0NRT,299.23,6.07,D,VIIRS_SNPP_NRT,,,201.4215926498985,15.66,78.98,1
16.00588,79.10636,330.37,0.46,0.39,2026-08-25,822,N,VIIRS,n,2.0NRT,297.38,1.63,D,VIIRS_SNPP_NRT,,,235.03396245293007,16.01,79.11,1
17.08532,79.68513,332.03,0.43,0.62,2026-08-25,841,N20,VIIRS,n,2.0NRT,288.06,4.27,D,VIIRS_NOAA20_NRT,,,246.66979700336108,17.09,79.69,1
17.60567,83.19904,306.36,0.34,0.56,2026-08-25,1932,N20,VIIRS,n,2.0NRT,285.52,1.83,N,VIIRS_NOAA20_NRT,,,0.3616816926030024,17.61,83.2,1
17.95564,80.7951,310.43,0.53,0.5,2026-08-25,2053,N,VIIRS,n,2.0NRT,287.79,1.62,N,VIIRS_SNPP_NRT,,,129.7792408979612,17.96,80.8,4
17.95771,80.79256,318.24,0.53,0.5,2026-08-25,2053,N,VIIRS,n,2.0NRT,287.88,4.11,N,VIIRS_SNPP_NRT,,,130.03060535269935,17.96,80.79,3
18.70882,74.45466,336.09,0.41,0.45,2026-08-25,841,N20,VIIRS,n,2.0NRT,295.12,3.57,D,VIIRS_NOAA20_NRT,,,101.14886974737075,18.71,74.45,1
18.80515,74.26173,306.85,0.39,0.36,2026-08-25,2053,N,VIIRS,n,2.0NRT,290.55,0.58,N,VIIRS_SNPP_NRT,,,81.92261125784336,18.81,74.26,1
19.82175,79.2376,301.47,0.39,0.44,2026-08-25,2055,N,VIIRS,n,2.0NRT,286.07,0.86,N,VIIRS_SNPP_NRT,,,233.24685647076024,19.82,79.24,2
20.9112,71.45757,302.1,0.49,0.4,2026-08-25,2112,N20,VIIRS,n,2.0NRT,284.29,0.57,N,VIIRS_NOAA20_NRT,,,0.5143067187458733,20.91,71.46,3
21.10119,72.63515,333.85,0.4,0.37,2026-08-25,2055,N,VIIRS,n,2.0NRT,290.63,7.38,N,VIIRS_SNPP_NRT,,,1.3125355335172069,21.1,72.64,4
21.10536,72.64783,332.66,0.52,0.42,2026-08-25,843,N20,VIIRS,n,2.0NRT,289.06,6.03,D,VIIRS_NOAA20_NRT,,,0.6566840799217386,21.11,72.65,3
21.10566,72.6433,330.23,0.56,0.43,2026-08-25,2112,N20,VIIRS,n,2.0NRT,288.03,9.44,N,VIIRS_NOAA20_NRT,,,0.4694433461560702,21.11,72.64,2
21.18221,81.38339,302.23,0.65,0.73,2026-08-25,2112,N20,VIIRS,n,2.0NRT,282.69,3.38,N,VIIRS_NOAA20_NRT,,,0.5733714667603219,21.18,81.38,1
21.19596,81.41667,327.82,0.5,0.66,2026-08-25,1932,N20,VIIRS,n,2.0NRT,281.6,2.93,N,VIIRS_NOAA20_NRT,,,1.1721860553865655,21.2,81.42,1
21.19639,81.41189,307.28,0.5,0.66,2026-08-25,1932,N20,VIIRS,n,2.0NRT,281.28,2.93,N,VIIRS_NOAA20_NRT,,,1.5782632608466831,21.2,81.41,1
21.3352,78.96751,301.03,0.72,0.76,2026-08-25,1932,N20,VIIRS,n,2.0NRT,280.3,2.37,N,VIIRS_NOAA20_NRT,,,214.93010487949783,21.34,78.97,1
21.37752,81.67648,303.65,0.48,0.65,2026-08-25,1932,N20,VIIRS,n,2.0NRT,277.68,1.85,N,VIIRS_NOAA20_NRT,,,0.6354916324646749,21.38,81.68,1
21.39248,81.64462,301.02,0.48,0.65,2026-08-25,1932,N20,VIIRS,n,2.0NRT,277.24,0.73,N,VIIRS_NOAA20_NRT,,,0.2354616351717072,21.39,81.64,1
21.46661,80.1269,300.63,0.42,0.45,2026-08-25,2053,N,VIIRS,n,2.0NRT,271.13,0.53,N,VIIRS_SNPP_NRT,,,101.57397402604508,21.47,80.13,1
21.74012,83.84026,308.08,0.35,0.57,2026-08-25,2053,N,VIIRS,n,2.0NRT,277.41,2.32,N,VIIRS_SNPP_NRT,,,18.448338738386877,21.74,83.84,4
21.7445,83.84505,298.77,0.35,0.57,2026-08-25,2053,N,VIIRS,n,2.0NRT,276.34,2.32,N,VIIRS_SNPP_NRT,,,17.778580924299757,21.74,83.85,1
21.74524,83.84165,344.62,0.35,0.57,2026-08-25,2053,N,VIIRS,n,2.0NRT,278.44,2.32,N,VIIRS_SNPP_NRT,,,18.047450711212257,21.75,83.84,3
21.80047,83.89091,298.89,0.35,0.57,2026-08-25,2053,N,VIIRS,n,2.0NRT,274.09,0.38,N,VIIRS_SNPP_NRT,,,11.076946170304412,21.8,83.89,1
21.80072,82.0384,300.33,0.54,0.51,2026-08-25,2053,N,VIIRS,n,2.0NRT,277.59,0.72,N,VIIRS_SNPP_NRT,,,9.677121608087257,21.8,82.04,1
21.82554,83.90067,298.76,0.35,0.57,2026-08-25,2053,N,VIIRS,n,2.0NRT,272.21,0.53,N,VIIRS_SNPP_NRT,,,9.816287817770188,21.83,83.9,1
22.03749,83.35403,297.68,0.32,0.55,2026-08-25,2053,N,VIIRS,n,2.0NRT,272.66,1.02,N,VIIRS_SNPP_NRT,,,2.869600902973682,22.04,83.35,1
22.24567,87.3872,301.79,0.54,0.68,2026-08-25,1910,N,VIIRS,n,2.0NRT,281.07,0.71,N,VIIRS_SNPP_NRT,,,95.9361471545824,22.25,87.39,2
22.33997,69.85574,308.37,0.41,0.37,2026-08-25,2112,N20,VIIRS,n,2.0NRT,292.92,3.06,N,VIIRS_NOAA20_NRT,,,0.5342594695424228,22.34,69.86,1
22.3412,69.85442,306.8,0.41,0.37,2026-08-25,2112,N20,VIIRS,n,2.0NRT,291.97,2.19,N,VIIRS_NOAA20_NRT,,,0.6172405545254172,22.34,69.85,1
22.35725,87.29079,305.1,0.43,0.46,2026-08-25,1932,N20,VIIRS,n,2.0NRT,287.79,1.92,N,VIIRS_NOAA20_NRT,,,82.23617607703729,22.36,87.29,2
22.36469,87.30035,317.29,0.43,0.46,2026-08-25,1932,N20,VIIRS,n,2.0NRT,288.75,3.38,N,VIIRS_NOAA20_NRT,,,82.91799812069812,22.36,87.3,2
22.36498,87.01769,302.1,0.57,0.69,2026-08-25,1910,N,VIIRS,n,2.0NRT,277.98,0.5,N,VIIRS_SNPP_NRT,,,55.76929259697271,22.36,87.02,2
22.3689,87.30096,305.95,0.43,0.46,2026-08-25,1932,N20,VIIRS,n,2.0NRT,288.76,2.38,N,VIIRS_NOAA20_NRT,,,82.83840888921655,22.37,87.3,2
22.37608,87.27892,311.74,0.55,0.68,2026-08-25,1910,N,VIIRS,n,2.0NRT,279.11,3.21,N,VIIRS_SNPP_NRT,,,80.43751328759234,22.38,87.28,4
22.37654,87.27341,299.76,0.55,0.68,2026-08-25,1910,N,VIIRS,n,2.0NRT,276.37,2.54,N,VIIRS_SNPP_NRT,,,79.88104555139623,22.38,87.27,1
22.4152,69.03896,305.3,0.39,0.44,2026-08-25,2055,N,VIIRS,n,2.0NRT,285.84,1.39,N,VIIRS_SNPP_NRT,,,58.745561669009554,22.42,69.04,2
22.78875,86.20664,298.14,0.51,0.49,2026-08-25,1932,N20,VIIRS,n,2.0NRT,276.01,0.92,N,VIIRS_NOAA20_NRT,,,0.7270565164033546,22.79,86.21,2
22.78985,86.19658,299.79,0.51,0.49,2026-08-25,1932,N20,VIIRS,n,2.0NRT,278.86,1.59,N,VIIRS_NOAA20_NRT,,,0.6108649710305734,22.79,86.2,2
22.80134,86.09074,308.76,0.52,0.5,2026-08-25,1932,N20,VIIRS,n,2.0NRT,281.25,2.73,N,VIIRS_NOAA20_NRT,,,0.2407684885743805,22.8,86.09,2
22.92693,69.82433,307.02,0.4,0.37,2026-08-25,2112,N20,VIIRS,n,2.0NRT,294.39,2.03,N,VIIRS_NOAA20_NRT,,,0.151534760710033,22.93,69.82,2
22.92767,70.10764,315.24,0.41,0.37,2026-08-25,2112,N20,VIIRS,n,2.0NRT,293.46,1.1,N,VIIRS_NOAA20_NRT,,,1.0046050077060242,22.93,70.11,2
22.93445,69.69788,330.6,0.4,0.37,2026-08-25,2112,N20,VIIRS,n,2.0NRT,293.92,3.76,N,VIIRS_NOAA20_NRT,,,0.5866510593686091,22.93,69.7,1
22.93576,69.1861,331.31,0.4,0.37,2026-08-25,843,N20,VIIRS,n,2.0NRT,298.51,0.9,D,VIIRS_NOAA20_NRT,,,36.44344469954794,22.94,69.19,1
23.49973,68.57806,299.67,0.38,0.36,2026-08-25,2112,N20,VIIRS,n,2.0NRT,289.53,0.72,N,VIIRS_NOAA20_NRT,,,112.32453170310286,23.5,68.58,1
23.56146,87.23864,298.85,0.45,0.47,2026-08-25,1932,N20,VIIRS,n,2.0NRT,276.18,0.59,N,VIIRS_NOAA20_NRT,,,33.138333980670026,23.56,87.24,3
23.61165,87.14617,298.73,0.46,0.47,2026-08-25,1932,N20,VIIRS,n,2.0NRT,274.79,0.41,N,VIIRS_NOAA20_NRT,,,22.318693858698374,23.61,87.15,1
23.66496,87.15575,310.24,0.46,0.47,2026-08-25,1932,N20,VIIRS,n,2.0NRT,276.63,1.93,N,VIIRS_NOAA20_NRT,,,20.638337500898515,23.66,87.16,2
25.94186,72.1828,,1.08,1.04,2026-08-25,1544,Terra,MODIS,71,6.1NRT,,5.22,N,MODIS_NRT,309.57,297.86,272.20945674020527,25.94,72.18,1
25.94316,72.19324,,1.08,1.04,2026-08-25,1544,Terra,MODIS,100,6.1NRT,,21.39,N,MODIS_NRT,325.59,298.21,272.26927220007826,25.94,72.19,3
26.75963,83.19836,301.32,0.44,0.62,2026-08-25,1930,N20,VIIRS,n,2.0NRT,278.65,1.23,N,VIIRS_NOAA20_NRT,,,346.3307064650552,26.76,83.2,2
29.45627,76.8924,327.41,0.63,0.72,2026-08-25,705,N20,VIIRS,n,2.0NRT,281.67,4.73,D,VIIRS_NOAA20_NRT,,,53.85876921824862,29.46,76.89,1
9.21554,78.64903,336.71,0.45,0.39,2026-08-26,822,N20,VIIRS,n,2.0NRT,297.98,3.51,D,VIIRS_NOAA20_NRT,,,398.662972915388,9.22,78.65,1
9.30177,77.47569,336.04,0.41,0.37,2026-08-26,822,N20,VIIRS,n,2.0NRT,285.33,5.73,D,VIIRS_NOAA20_NRT,,,448.6349936030456,9.3,77.48,1
9.38962,78.88501,347.44,0.46,0.39,2026-08-26,822,N20,VIIRS,n,2.0NRT,301.32,21.77,D,VIIRS_NOAA20_NRT,,,372.2853812818338,9.39,78.89,1
9.8038,78.17648,340.06,0.43,0.38,2026-08-26,822,N20,VIIRS,n,2.0NRT,300.91,4.38,D,VIIRS_NOAA20_NRT,,,360.8723518874281,9.8,78.18,1
9.80408,78.17467,337.02,0.5,0.41,2026-08-26,801,N,VIIRS,n,2.0NRT,296.81,4.0,D,VIIRS_SNPP_NRT,,,360.945931870869,9.8,78.17,1
9.90871,78.08326,333.9,0.51,0.41,2026-08-26,801,N,VIIRS,n,2.0NRT,295.44,5.83,D,VIIRS_SNPP_NRT,,,356.2823356805154,9.91,78.08,1
10.05334,77.95324,348.01,0.51,0.41,2026-08-26,801,N,VIIRS,n,2.0NRT,296.96,10.17,D,VIIRS_SNPP_NRT,,,350.0251069262899,10.05,77.95,1
10.93808,79.54315,336.15,0.52,0.41,2026-08-26,822,N20,VIIRS,n,2.0NRT,294.31,4.04,D,VIIRS_NOAA20_NRT,,,186.22118252250655,10.94,79.54,1
11.18108,79.10128,303.57,0.43,0.38,2026-08-26,2038,N,VIIRS,n,2.0NRT,285.73,0.43,N,VIIRS_SNPP_NRT,,,177.85015204294285,11.18,79.1,3
11.35922,77.2625,330.28,0.41,0.37,2026-08-26,822,N20,VIIRS,n,2.0NRT,293.57,1.86,D,VIIRS_NOAA20_NRT,,,301.11406149053073,11.36,77.26,1
11.42405,78.16054,332.79,0.45,0.39,2026-08-26,822,N20,VIIRS,n,2.0NRT,300.25,4.18,D,VIIRS_NOAA20_NRT,,,217.38856086085607,11.42,78.16,1
11.46199,77.46516,341.29,0.42,0.38,2026-08-26,822,N20,VIIRS,n,2.0NRT,296.66,5.71,D,VIIRS_NOAA20_NRT,,,276.2838393764295,11.46,77.47,1
11.53354,78.71278,341.68,0.48,0.4,2026-08-26,822,N20,VIIRS,n,2.0NRT,303.65,4.61,D,VIIRS_NOAA20_NRT,,,167.27251931823326,11.53,78.71,1
11.55913,79.62791,336.44,0.53,0.42,2026-08-26,822,N20,VIIRS,n,2.0NRT,295.58,4.14,D,VIIRS_NOAA20_NRT,,,118.24829318247768,11.56,79.63,1
11.67362,78.43934,330.64,0.46,0.39,2026-08-26,822,N20,VIIRS,n,2.0NRT,300.06,2.19,D,VIIRS_NOAA20_NRT,,,176.2498502986744,11.67,78.44,1
11.80962,77.92208,298.71,0.58,0.52,2026-08-26,2055,N20,VIIRS,n,2.0NRT,276.25,0.74,N,VIIRS_NOAA20_NRT,,,213.90693165481505,11.81,77.92,3
11.80979,77.00835,302.99,0.38,0.36,2026-08-26,2038,N,VIIRS,n,2.0NRT,272.49,0.44,N,VIIRS_SNPP_NRT,,,304.940110049328,11.81,77.01,1
11.81618,77.91673,315.08,0.4,0.37,2026-08-26,2038,N,VIIRS,n,2.0NRT,286.24,2.03,N,VIIRS_SNPP_NRT,,,214.0720626718066,11.82,77.92,3
12.13018,79.65379,342.13,0.54,0.42,2026-08-26,822,N20,VIIRS,n,2.0NRT,302.82,13.42,D,VIIRS_NOAA20_NRT,,,56.62255403632843,12.13,79.65,1
12.26599,77.0015,335.46,0.41,0.37,2026-08-26,822,N20,VIIRS,n,2.0NRT,300.16,2.81,D,VIIRS_NOAA20_NRT,,,292.02942265424747,12.27,77.0,1
12.30538,76.84256,330.79,0.41,0.37,2026-08-26,822,N20,VIIRS,n,2.0NRT,297.18,1.44,D,VIIRS_NOAA20_NRT,,,308.1519127312325,12.31,76.84,1
12.75397,76.88705,,1.27,1.12,2026-08-26,353,Terra,MODIS,63,6.1NRT,,5.22,D,MODIS_NRT,309.63,290.77,297.51181928078694,12.75,76.89,1
12.95476,79.27879,334.78,0.53,0.42,2026-08-26,822,N20,VIIRS,n,2.0NRT,298.13,3.78,D,VIIRS_NOAA20_NRT,,,38.59851951011212,12.95,79.28,1
13.09371,78.80157,334.78,0.5,0.41,2026-08-26,822,N20,VIIRS,n,2.0NRT,299.14,4.44,D,VIIRS_NOAA20_NRT,,,87.78491151438949,13.09,78.8,1
13.62073,78.48496,299.89,0.4,0.37,2026-08-26,2036,N,VIIRS,n,2.0NRT,281.72,0.4,N,VIIRS_SNPP_NRT,,,109.70190405525824,13.62,78.48,1
13.71163,79.62034,301.42,0.35,0.56,2026-08-26,2055,N20,VIIRS,n,2.0NRT,282.07,1.07,N,VIIRS_NOAA20_NRT,,,1.2347586021426602,13.71,79.62,3
13.71613,79.62455,302.5,0.35,0.56,2026-08-26,2055,N20,VIIRS,n,2.0NRT,282.05,0.91,N,VIIRS_NOAA20_NRT,,,0.5660508298241644,13.72,79.62,1
13.8324,79.25771,300.63,0.42,0.37,2026-08-26,2036,N,VIIRS,n,2.0NRT,283.62,0.19,N,VIIRS_SNPP_NRT,,,31.581747935240255,13.83,79.26,2
13.84619,79.25174,311.52,0.33,0.55,2026-08-26,2055,N20,VIIRS,n,2.0NRT,279.9,1.27,N,VIIRS_NOAA20_NRT,,,32.91725451309988,13.85,79.25,1
13.973,78.2289,331.1,0.48,0.4,2026-08-26,822,N20,VIIRS,n,2.0NRT,298.76,3.09,D,VIIRS_NOAA20_NRT,,,141.35294915284695,13.97,78.23,1
14.15628,77.23994,339.33,0.43,0.38,2026-08-26,822,N20,VIIRS,n,2.0NRT,298.39,3.71,D,VIIRS_NOAA20_NRT,,,249.89545790453911,14.16,77.24,1
14.23911,79.66386,333.76,0.39,0.44,2026-08-26,822,N20,VIIRS,n,2.0NRT,294.68,3.12,D,VIIRS_NOAA20_NRT,,,33.56623758510504,14.24,79.66,1
15.00306,76.99864,337.96,0.43,0.38,2026-08-26,822,N20,VIIRS,n,2.0NRT,302.29,4.52,D,VIIRS_NOAA20_NRT,,,302.85251436771443,15.0,77.0,1
15.01486,79.80273,316.21,0.43,0.38,2026-08-26,2036,N,VIIRS,n,2.0NRT,292.67,4.81,N,VIIRS_SNPP_NRT,,,117.02286561791426,15.01,79.8,1
15.01841,79.74989,340.98,0.4,0.44,2026-08-26,822,N20,VIIRS,n,2.0NRT,297.14,5.67,D,VIIRS_NOAA20_NRT,,,118.03348085964738,15.02,79.75,1
15.02314,78.01447,308.69,0.39,0.36,2026-08-26,2036,N,VIIRS,n,2.0NRT,280.87,1.12,N,VIIRS_SNPP_NRT,,,207.9766627950534,15.02,78.01,2
15.16791,76.67098,309.55,0.39,0.36,2026-08-26,2036,N,VIIRS,n,2.0NRT,285.83,1.47,N,VIIRS_SNPP_NRT,,,342.4574254517365,15.17,76.67,2
15.16815,76.38161,308.5,0.39,0.36,2026-08-26,2036,N,VIIRS,n,2.0NRT,288.52,1.39,N,VIIRS_SNPP_NRT,,,370.9695938062323,15.17,76.38,2
15.1712,76.69366,302.91,0.39,0.36,2026-08-26,2036,N,VIIRS,n,2.0NRT,287.77,1.32,N,VIIRS_SNPP_NRT,,,340.39568052389023,15.17,76.69,2
15.1731,76.78556,304.39,0.39,0.36,2026-08-26,2036,N,VIIRS,n,2.0NRT,291.16,0.82,N,VIIRS_SNPP_NRT,,,331.550816109746,15.17,76.79,2
15.17336,76.66246,301.82,0.42,0.45,2026-08-26,2055,N20,VIIRS,n,2.0NRT,285.19,1.14,N,VIIRS_NOAA20_NRT,,,343.54064599529505,15.17,76.66,1
15.17477,76.65479,318.72,0.42,0.45,2026-08-26,2055,N20,VIIRS,n,2.0NRT,284.95,1.55,N,VIIRS_NOAA20_NRT,,,344.3548388593825,15.17,76.65,2
15.17495,77.10123,306.08,0.39,0.36,2026-08-26,2036,N,VIIRS,n,2.0NRT,287.24,0.81,N,VIIRS_SNPP_NRT,,,301.03489497989773,15.17,77.1,2
15.17506,76.65867,334.39,0.42,0.38,2026-08-26,822,N20,VIIRS,n,2.0NRT,302.05,4.09,D,VIIRS_NOAA20_NRT,,,343.989147777987,15.18,76.66,3
15.17542,77.10057,302.32,0.45,0.47,2026-08-26,2055,N20,VIIRS,n,2.0NRT,285.01,1.32,N,VIIRS_NOAA20_NRT,,,301.1216544552263,15.18,77.1,3
15.17736,76.65406,327.76,0.39,0.36,2026-08-26,2036,N,VIIRS,n,2.0NRT,291.09,2.93,N,VIIRS_SNPP_NRT,,,344.5453783287777,15.18,76.65,3
15.17841,76.68213,338.03,0.42,0.38,2026-08-26,822,N20,VIIRS,n,2.0NRT,301.96,5.5,D,VIIRS_NOAA20_NRT,,,341.854827597232,15.18,76.68,3
15.18088,76.66885,306.97,0.39,0.36,2026-08-26,2036,N,VIIRS,n,2.0NRT,290.26,2.45,N,VIIRS_SNPP_NRT,,,343.26448504123164,15.18,76.67,4
15.18318,76.64153,337.25,0.42,0.38,2026-08-26,822,N20,VIIRS,n,2.0NRT,299.05,4.17,D,VIIRS_NOAA20_NRT,,,346.0373209082359,15.18,76.64,2
15.30119,76.21846,301.59,0.39,0.44,2026-08-26,2055,N20,VIIRS,n,2.0NRT,288.41,0.8,N,VIIRS_NOAA20_NRT,,,392.84917832652064,15.3,76.22,1
15.33309,76.24698,309.09,0.39,0.44,2026-08-26,2055,N20,VIIRS,n,2.0NRT,290.15,0.78,N,VIIRS_NOAA20_NRT,,,391.4744395757994,15.33,76.25,2
15.33449,76.28466,307.06,0.39,0.44,2026-08-26,2055,N20,VIIRS,n,2.0NRT,290.93,1.15,N,VIIRS_NOAA20_NRT,,,387.8517197038512,15.33,76.28,2
15.44035,76.97665,332.95,0.44,0.38,2026-08-26,822,N20,VIIRS,n,2.0NRT,302.63,1.86,D,VIIRS_NOAA20_NRT,,,326.8600790497086,15.44,76.98,1
15.68362,78.45876,306.97,0.39,0.36,2026-08-26,2036,N,VIIRS,n,2.0NRT,292.66,0.94,N,VIIRS_SNPP_NRT,,,228.5567551878098,15.68,78.46,1
15.74739,77.78989,337.15,0.48,0.4,2026-08-26,822,N20,VIIRS,n,2.0NRT,294.81,4.12,D,VIIRS_NOAA20_NRT,,,278.7879248237725,15.75,77.79,1
15.97756,78.4123,330.46,0.52,0.41,2026-08-26,822,N20,VIIRS,n,2.0NRT,294.78,2.89,D,VIIRS_NOAA20_NRT,,,259.1590998744163,15.98,78.41,1
16.0065,77.04945,340.97,0.44,0.39,2026-08-26,822,N20,VIIRS,n,2.0NRT,298.13,3.84,D,VIIRS_NOAA20_NRT,,,356.634006749645,16.01,77.05,1
16.40065,79.36692,335.87,0.39,0.36,2026-08-26,803,N,VIIRS,n,2.0NRT,297.3,4.44,D,VIIRS_SNPP_NRT,,,274.1177610188046,16.4,79.37,1
16.63467,74.34213,301.82,0.47,0.4,2026-08-26,2036,N,VIIRS,n,2.0NRT,290.9,0.52,N,VIIRS_SNPP_NRT,,,244.65520383104467,16.63,74.34,1
16.83671,79.16844,333.57,0.39,0.44,2026-08-26,824,N20,VIIRS,n,2.0NRT,297.69,2.33,D,VIIRS_NOAA20_NRT,,,302.12251546471583,16.84,79.17,1
17.95717,80.79728,333.75,0.39,0.36,2026-08-26,803,N,VIIRS,n,2.0NRT,296.44,3.39,D,VIIRS_SNPP_NRT,,,129.53691120402104,17.96,80.8,4
18.54734,74.17914,332.83,0.42,0.45,2026-08-26,803,N,VIIRS,n,2.0NRT,294.44,5.43,D,VIIRS_SNPP_NRT,,,73.64232449183893,18.55,74.18,1
18.68293,73.03869,308.16,0.39,0.44,2026-08-26,2036,N,VIIRS,n,2.0NRT,291.72,2.52,N,VIIRS_SNPP_NRT,,,0.5928039186566751,18.68,73.04,1
18.68391,73.0312,312.29,0.39,0.44,2026-08-26,2036,N,VIIRS,n,2.0NRT,291.47,2.8,N,VIIRS_SNPP_NRT,,,1.142766437666795,18.68,73.03,1
18.68589,73.02978,301.74,0.39,0.36,2026-08-26,2053,N20,VIIRS,n,2.0NRT,287.39,0.74,N,VIIRS_NOAA20_NRT,,,1.1712319787688346,18.69,73.03,1
18.95677,73.94353,329.4,0.41,0.37,2026-08-26,2053,N20,VIIRS,n,2.0NRT,290.9,2.58,N,VIIRS_NOAA20_NRT,,,51.728421038991115,18.96,73.94,1
19.99819,74.01125,333.16,0.39,0.36,2026-08-26,824,N20,VIIRS,n,2.0NRT,295.9,3.21,D,VIIRS_NOAA20_NRT,,,89.68000772731124,20.0,74.01,1
20.76191,85.29632,305.1,0.56,0.69,2026-08-26,1915,N20,VIIRS,n,2.0NRT,273.38,1.85,N,VIIRS_NOAA20_NRT,,,5.115716415195285,20.76,85.3,1
20.76468,85.29327,303.89,0.56,0.69,2026-08-26,1915,N20,VIIRS,n,2.0NRT,272.33,2.11,N,VIIRS_NOAA20_NRT,,,4.784704068726521,20.76,85.29,1
20.78307,85.26205,301.72,0.59,0.7,2026-08-26,2053,N20,VIIRS,n,2.0NRT,283.99,1.07,N,VIIRS_NOAA20_NRT,,,2.330195601979828,20.78,85.26,1
20.78876,85.25801,301.02,0.45,0.47,2026-08-26,2034,N,VIIRS,n,2.0NRT,286.65,1.13,N,VIIRS_SNPP_NRT,,,1.7295625820576386,20.79,85.26,2
20.79373,85.25214,303.88,0.57,0.69,2026-08-26,1913,N20,VIIRS,n,2.0NRT,271.84,1.95,N,VIIRS_NOAA20_NRT,,,1.443486975268056,20.79,85.25,2
20.79809,85.25024,301.94,0.57,0.69,2026-08-26,1915,N20,VIIRS,n,2.0NRT,271.59,2.09,N,VIIRS_NOAA20_NRT,,,1.01299398887223,20.8,85.25,1
20.80444,85.25613,301.92,0.58,0.7,2026-08-26,2053,N20,VIIRS,n,2.0NRT,284.07,1.25,N,VIIRS_NOAA20_NRT,,,0.3585131680159281,20.8,85.26,1
20.81066,85.25798,303.54,0.58,0.7,2026-08-26,2053,N20,VIIRS,n,2.0NRT,284.2,2.64,N,VIIRS_NOAA20_NRT,,,0.6375571465510346,20.81,85.26,1
20.8637,84.9892,,1.05,1.02,2026-08-26,1444,Terra,MODIS,66,6.1NRT,,5.94,N,MODIS_NRT,307.93,292.22,1.3130269791519271,20.86,84.99,2
20.86633,84.99726,302.62,0.43,0.46,2026-08-26,2034,N,VIIRS,n,2.0NRT,282.26,1.86,N,VIIRS_SNPP_NRT,,,1.4469098970302785,20.87,85.0,1
20.86715,84.99306,303.85,0.43,0.46,2026-08-26,2034,N,VIIRS,n,2.0NRT,281.88,2.21,N,VIIRS_SNPP_NRT,,,1.0955936295652842,20.87,84.99,1
20.91049,71.45941,312.46,0.39,0.36,2026-08-26,2053,N20,VIIRS,n,2.0NRT,289.09,1.26,N,VIIRS_NOAA20_NRT,,,0.3196133295529011,20.91,71.46,3
20.95059,86.05023,,1.0,1.0,2026-08-26,1444,Terra,MODIS,59,6.1NRT,,4.14,N,MODIS_NRT,307.47,293.62,0.3289172669797148,20.95,86.05,1
20.96287,86.01005,,1.0,1.0,2026-08-26,1444,Terra,MODIS,57,6.1NRT,,4.14,N,MODIS_NRT,307.72,293.5,0.9099171360287984,20.96,86.01,1
20.96317,85.17108,,1.04,1.02,2026-08-26,1444,Terra,MODIS,87,6.1NRT,,8.83,N,MODIS_NRT,313.74,294.04,3.2034847295808984,20.96,85.17,1
20.96456,85.18073,,1.04,1.02,2026-08-26,1444,Terra,MODIS,79,6.1NRT,,6.52,N,MODIS_NRT,310.58,293.65,3.1667740533053252,20.96,85.18,1
20.96594,85.19036,,1.04,1.02,2026-08-26,1444,Terra,MODIS,76,6.1NRT,,6.02,N,MODIS_NRT,309.52,293.26,2.236530099634426,20.97,85.19,1
20.96951,85.17609,305.91,0.58,0.69,2026-08-26,1913,N20,VIIRS,n,2.0NRT,274.26,3.1,N,VIIRS_NOAA20_NRT,,,3.7681705132170538,20.97,85.18,1
20.97398,85.17289,,1.04,1.02,2026-08-26,1444,Terra,MODIS,86,6.1NRT,,8.78,N,MODIS_NRT,313.08,293.4,4.250479163218019,20.97,85.17,1
21.10126,72.63638,355.87,0.47,0.48,2026-08-26,805,N,VIIRS,n,2.0NRT,294.3,11.1,D,VIIRS_SNPP_NRT,,,1.223460454996959,21.1,72.64,4
21.10283,72.64758,339.05,0.38,0.36,2026-08-26,824,N20,VIIRS,n,2.0NRT,302.09,11.92,D,VIIRS_NOAA20_NRT,,,0.8778929930301552,21.1,72.65,2
21.10612,72.647,344.97,0.38,0.36,2026-08-26,824,N20,VIIRS,n,2.0NRT,302.32,11.92,D,VIIRS_NOAA20_NRT,,,0.5366504754933495,21.11,72.65,3
21.74298,83.84299,346.9,0.45,0.63,2026-08-26,824,N20,VIIRS,n,2.0NRT,287.63,11.6,D,VIIRS_NOAA20_NRT,,,18.046663385817126,21.74,83.84,4
21.74921,83.84696,326.92,0.45,0.63,2026-08-26,824,N20,VIIRS,n,2.0NRT,286.66,5.28,D,VIIRS_NOAA20_NRT,,,17.35593650424352,21.75,83.85,1
21.75373,83.84193,,1.66,1.27,2026-08-26,928,Aqua,MODIS,56,6.1NRT,,11.49,D,MODIS_NRT,313.6,292.64,17.594448238244,21.75,83.84,3
21.75503,83.8465,334.17,0.45,0.63,2026-08-26,824,N20,VIIRS,n,2.0NRT,286.35,5.28,D,VIIRS_NOAA20_NRT,,,17.106462321097787,21.76,83.85,2
21.75594,83.84392,339.67,0.53,0.42,2026-08-26,805,N,VIIRS,n,2.0NRT,293.25,10.06,D,VIIRS_SNPP_NRT,,,17.303516136397107,21.76,83.84,1
21.9208,83.35326,326.38,0.42,0.61,2026-08-26,824,N20,VIIRS,n,2.0NRT,277.14,2.84,D,VIIRS_NOAA20_NRT,,,0.932752375910986,21.92,83.35,1
22.32132,69.88142,317.54,0.44,0.38,2026-08-26,2053,N20,VIIRS,n,2.0NRT,287.39,1.49,N,VIIRS_NOAA20_NRT,,,1.5023635927275356,22.32,69.88,1
22.35679,82.30565,330.32,0.45,0.39,2026-08-26,805,N,VIIRS,n,2.0NRT,295.09,5.19,D,VIIRS_SNPP_NRT,,,13.281291128621396,22.36,82.31,1
22.35975,82.30282,333.19,0.36,0.58,2026-08-26,824,N20,VIIRS,n,2.0NRT,286.99,8.21,D,VIIRS_NOAA20_NRT,,,13.614030599941282,22.36,82.3,1
22.41633,69.0387,309.0,0.48,0.4,2026-08-26,2053,N20,VIIRS,n,2.0NRT,292.91,2.63,N,VIIRS_NOAA20_NRT,,,58.79475990473118,22.42,69.04,2
22.9245,69.82229,301.64,0.35,0.57,2026-08-26,2034,N,VIIRS,n,2.0NRT,290.12,1.76,N,VIIRS_SNPP_NRT,,,0.3700420619993374,22.92,69.82,1
22.92565,69.82343,303.65,0.35,0.57,2026-08-26,2034,N,VIIRS,n,2.0NRT,290.14,0.67,N,VIIRS_SNPP_NRT,,,0.2338174632984979,22.93,69.82,2
23.12196,70.08334,311.0,0.34,0.56,2026-08-26,2034,N,VIIRS,n,2.0NRT,290.15,1.48,N,VIIRS_SNPP_NRT,,,0.9889966353522645,23.12,70.08,2
23.31464,70.48708,307.11,0.43,0.38,2026-08-26,2053,N20,VIIRS,n,2.0NRT,293.75,1.62,N,VIIRS_NOAA20_NRT,,,0.3467332087500904,23.31,70.49,1
23.31667,70.48634,308.92,0.43,0.38,2026-08-26,2053,N20,VIIRS,n,2.0NRT,294.09,1.21,N,VIIRS_NOAA20_NRT,,,0.3960896438729603,23.32,70.49,1
23.55976,87.23328,304.51,0.53,0.5,2026-08-26,2034,N,VIIRS,n,2.0NRT,285.34,2.46,N,VIIRS_SNPP_NRT,,,32.71402995506779,23.56,87.23,1
23.61457,86.79169,311.36,0.5,0.49,2026-08-26,2034,N,VIIRS,n,2.0NRT,287.95,3.56,N,VIIRS_SNPP_NRT,,,4.868918199097892,23.61,86.79,1
23.61789,86.78893,305.36,0.63,0.72,2026-08-26,2051,N20,VIIRS,n,2.0NRT,283.23,1.9,N,VIIRS_NOAA20_NRT,,,4.993907135716434,23.62,86.79,1
23.69875,87.09306,301.23,0.52,0.5,2026-08-26,2034,N,VIIRS,n,2.0NRT,285.24,2.02,N,VIIRS_SNPP_NRT,,,13.442882073130171,23.7,87.09,1
23.79305,86.23392,297.85,0.46,0.47,2026-08-26,2034,N,VIIRS,n,2.0NRT,284.98,3.42,N,VIIRS_SNPP_NRT,,,3.9236758108876058,23.79,86.23,1
23.79604,86.28603,299.33,0.46,0.47,2026-08-26,2034,N,VIIRS,n,2.0NRT,285.08,1.39,N,VIIRS_SNPP_NRT,,,1.4777382300856206,23.8,86.29,1
23.93222,72.36194,322.77,0.39,0.36,2026-08-26,2051,N20,VIIRS,n,2.0NRT,280.0,1.69,N,VIIRS_NOAA20_NRT,,,48.02036546755535,23.93,72.36,1
26.76138,83.19917,301.41,0.32,0.55,2026-08-26,2051,N20,VIIRS,n,2.0NRT,278.05,0.93,N,VIIRS_NOAA20_NRT,,,346.41869390801986,26.76,83.2,2
26.87866,73.51471,303.59,0.39,0.36,2026-08-26,2051,N20,VIIRS,n,2.0NRT,282.78,1.11,N,VIIRS_NOAA20_NRT,,,313.0733935027346,26.88,73.51,1
26.92686,73.4677,305.99,0.39,0.36,2026-08-26,2051,N20,VIIRS,n,2.0NRT,287.44,1.1,N,VIIRS_NOAA20_NRT,,,316.3668144937247,26.93,73.47,1
29.47616,76.85736,306.91,0.41,0.37,2026-08-26,2051,N20,VIIRS,n,2.0NRT,287.88,1.89,N,VIIRS_NOAA20_NRT,,,56.953200057236934,29.48,76.86,1
29.65053,76.97887,,1.75,1.3,2026-08-26,2312,Aqua,MODIS,57,6.1NRT,,8.3,N,MODIS_NRT,303.85,289.32,73.77790714744363,29.65,76.98,1
29.92137,74.95252,298.99,0.42,0.45,2026-08-26,2032,N,VIIRS,n,2.0NRT,282.32,0.96,N,VIIRS_SNPP_NRT,,,191.3606958149199,29.92,74.95,2
30.37163,73.89048,336.49,0.44,0.38,2026-08-26,807,N,VIIRS,n,2.0NRT,302.65,4.25,D,VIIRS_SNPP_NRT,,,303.7794746454778,30.37,73.89,1
8.30496,77.64027,311.47,0.48,0.4,2026-08-27,2038,N20,VIIRS,n,2.0NRT,293.23,2.34,N,VIIRS_NOAA20_NRT,,,535.4815259669573,8.3,77.64,1
8.30766,77.63818,310.18,0.46,0.39,2026-08-27,2019,N,VIIRS,n,2.0NRT,293.28,1.33,N,VIIRS_SNPP_NRT,,,535.3170280668134,8.31,77.64,1
8.53706,77.95217,335.66,0.37,0.58,2026-08-27,744,N,VIIRS,n,2.0NRT,291.67,2.88,D,VIIRS_SNPP_NRT,,,497.34900551365666,8.54,77.95,1
8.53767,77.95551,330.37,0.37,0.58,2026-08-27,744,N,VIIRS,n,2.0NRT,291.3,2.88,D,VIIRS_SNPP_NRT,,,497.1344915061016,8.54,77.96,1
8.93558,77.80733,336.01,0.37,0.58,2026-08-27,744,N,VIIRS,n,2.0NRT,294.19,2.63,D,VIIRS_SNPP_NRT,,,464.8474414150247,8.94,77.81,1
9.13009,77.84245,341.07,0.36,0.58,2026-08-27,744,N,VIIRS,n,2.0NRT,296.5,4.92,D,VIIRS_SNPP_NRT,,,444.07168416143475,9.13,77.84,1
9.1307,77.84574,335.59,0.36,0.58,2026-08-27,744,N,VIIRS,n,2.0NRT,296.02,4.28,D,VIIRS_SNPP_NRT,,,443.8346586756902,9.13,77.85,1
9.20093,77.46384,331.96,0.38,0.59,2026-08-27,744,N,VIIRS,n,2.0NRT,295.68,1.61,D,VIIRS_SNPP_NRT,,,458.8744143691882,9.2,77.46,1
9.30457,78.81348,334.81,0.62,0.54,2026-08-27,744,N,VIIRS,n,2.0NRT,296.26,0.98,D,VIIRS_SNPP_NRT,,,383.6123444723725,9.3,78.81,1
9.30486,78.81577,336.81,0.62,0.54,2026-08-27,744,N,VIIRS,n,2.0NRT,296.38,6.54,D,VIIRS_SNPP_NRT,,,383.5072460666116,9.3,78.82,1
9.49392,77.62406,314.42,0.46,0.39,2026-08-27,2038,N20,VIIRS,n,2.0NRT,287.72,1.32,N,VIIRS_NOAA20_NRT,,,421.9058549247313,9.49,77.62,1
9.91843,77.93557,335.55,0.35,0.56,2026-08-27,744,N,VIIRS,n,2.0NRT,294.03,2.57,D,VIIRS_SNPP_NRT,,,363.8450088962233,9.92,77.94,1
9.9415,78.59012,334.4,0.41,0.37,2026-08-27,803,N20,VIIRS,n,2.0NRT,301.16,2.2,D,VIIRS_NOAA20_NRT,,,326.2159648254933,9.94,78.59,1
9.9931,79.18903,333.06,0.57,0.52,2026-08-27,744,N,VIIRS,n,2.0NRT,295.75,1.7,D,VIIRS_SNPP_NRT,,,298.201962047776,9.99,79.19,1
10.02469,78.36389,334.84,0.32,0.55,2026-08-27,744,N,VIIRS,n,2.0NRT,295.39,2.55,D,VIIRS_SNPP_NRT,,,329.3393955957143,10.02,78.36,1
10.14528,78.35623,306.72,0.44,0.38,2026-08-27,2017,N,VIIRS,n,2.0NRT,293.87,0.73,N,VIIRS_SNPP_NRT,,,318.16954580172114,10.15,78.36,1
10.28012,78.98431,339.64,0.58,0.52,2026-08-27,744,N,VIIRS,n,2.0NRT,296.95,7.07,D,VIIRS_SNPP_NRT,,,274.82832331894934,10.28,78.98,1
10.59377,77.43021,304.6,0.44,0.38,2026-08-27,2038,N20,VIIRS,n,2.0NRT,293.55,0.34,N,VIIRS_NOAA20_NRT,,,338.7245125079273,10.59,77.43,1
10.61681,77.42193,304.47,0.44,0.38,2026-08-27,2038,N20,VIIRS,n,2.0NRT,293.73,0.58,N,VIIRS_NOAA20_NRT,,,337.5804325453605,10.62,77.42,2
10.87787,77.24078,330.18,0.37,0.58,2026-08-27,744,N,VIIRS,n,2.0NRT,295.55,3.26,D,VIIRS_SNPP_NRT,,,333.3505528679459,10.88,77.24,1
10.99141,78.89906,338.6,0.57,0.52,2026-08-27,744,N,VIIRS,n,2.0NRT,298.76,10.52,D,VIIRS_SNPP_NRT,,,206.98368461792128,10.99,78.9,1
11.03474,77.58891,337.28,0.43,0.38,2026-08-27,803,N20,VIIRS,n,2.0NRT,302.23,4.86,D,VIIRS_NOAA20_NRT,,,292.86023301523204,11.03,77.59,1
11.10949,77.76649,309.44,0.48,0.4,2026-08-27,2017,N,VIIRS,n,2.0NRT,292.92,1.12,N,VIIRS_SNPP_NRT,,,272.74755902264826,11.11,77.77,1
11.17704,79.08945,307.88,0.42,0.38,2026-08-27,2017,N,VIIRS,n,2.0NRT,291.52,1.27,N,VIIRS_SNPP_NRT,,,178.847627931895,11.18,79.09,1
11.1818,79.10095,308.51,0.52,0.42,2026-08-27,2038,N20,VIIRS,n,2.0NRT,292.24,2.46,N,VIIRS_NOAA20_NRT,,,177.7958242233576,11.18,79.1,3
11.69187,79.39234,332.69,0.52,0.5,2026-08-27,744,N,VIIRS,n,2.0NRT,295.48,1.98,D,VIIRS_SNPP_NRT,,,112.83544267612278,11.69,79.39,1
11.81491,77.91734,307.82,0.45,0.39,2026-08-27,2038,N20,VIIRS,n,2.0NRT,281.99,1.2,N,VIIRS_NOAA20_NRT,,,214.0805759812164,11.81,77.92,3
11.81781,77.91653,311.73,0.48,0.4,2026-08-27,2017,N,VIIRS,n,2.0NRT,289.98,2.88,N,VIIRS_SNPP_NRT,,,214.00540822104165,11.82,77.92,3
12.05728,79.84831,333.91,0.38,0.36,2026-08-27,805,N20,VIIRS,n,2.0NRT,298.98,2.33,D,VIIRS_NOAA20_NRT,,,59.580738944888544,12.06,79.85,1
12.19828,79.71751,331.74,0.48,0.48,2026-08-27,744,N,VIIRS,n,2.0NRT,293.89,2.89,D,VIIRS_SNPP_NRT,,,47.05774306033569,12.2,79.72,1
12.24076,78.06161,315.57,0.45,0.39,2026-08-27,2038,N20,VIIRS,n,2.0NRT,293.7,1.02,N,VIIRS_NOAA20_NRT,,,181.0755086029744,12.24,78.06,1
12.29649,78.82146,334.91,0.39,0.36,2026-08-27,805,N20,VIIRS,n,2.0NRT,300.14,3.56,D,VIIRS_NOAA20_NRT,,,102.13143176416374,12.3,78.82,1
12.64644,77.78779,297.84,0.44,0.38,2026-08-27,2038,N20,VIIRS,n,2.0NRT,285.68,0.22,N,VIIRS_NOAA20_NRT,,,201.37343674089723,12.65,77.79,1
12.91795,77.42487,300.73,0.42,0.38,2026-08-27,2038,N20,VIIRS,n,2.0NRT,290.06,0.66,N,VIIRS_NOAA20_NRT,,,237.37089341694164,12.92,77.42,1
13.39244,80.10186,316.57,0.41,0.37,2026-08-27,2019,N,VIIRS,n,2.0NRT,295.63,2.51,N,VIIRS_SNPP_NRT,,,0.9084832340196564,13.39,80.1,1
13.70962,79.61949,310.51,0.42,0.38,2026-08-27,2019,N,VIIRS,n,2.0NRT,292.96,1.84,N,VIIRS_SNPP_NRT,,,1.4562918641778508,13.71,79.62,3
13.82483,79.2569,309.05,0.44,0.38,2026-08-27,2019,N,VIIRS,n,2.0NRT,292.0,1.07,N,VIIRS_SNPP_NRT,,,31.246924102034185,13.82,79.26,2
13.82722,79.25863,311.67,0.49,0.41,2026-08-27,2036,N20,VIIRS,n,2.0NRT,291.84,1.24,N,VIIRS_NOAA20_NRT,,,31.213189649362025,13.83,79.26,2
15.02335,78.01398,308.39,0.52,0.41,2026-08-27,2019,N,VIIRS,n,2.0NRT,285.12,2.22,N,VIIRS_SNPP_NRT,,,208.0331641306753,15.02,78.01,2
15.07126,76.86606,302.03,0.4,0.44,2026-08-27,2019,N,VIIRS,n,2.0NRT,286.05,1.52,N,VIIRS_SNPP_NRT,,,318.9477064699705,15.07,76.87,1
15.16878,76.38122,305.46,0.39,0.36,2026-08-27,2036,N20,VIIRS,n,2.0NRT,285.14,1.21,N,VIIRS_NOAA20_NRT,,,371.0349827575544,15.17,76.38,2
15.16954,76.67191,312.8,0.39,0.36,2026-08-27,2036,N20,VIIRS,n,2.0NRT,288.34,2.47,N,VIIRS_NOAA20_NRT,,,342.4416302564102,15.17,76.67,2
15.17269,76.6937,297.01,0.41,0.45,2026-08-27,2019,N,VIIRS,n,2.0NRT,273.2,1.21,N,VIIRS_SNPP_NRT,,,340.46098396652246,15.17,76.69,2
15.17371,76.65434,309.23,0.42,0.45,2026-08-27,2019,N,VIIRS,n,2.0NRT,285.98,2.19,N,VIIRS_SNPP_NRT,,,344.35006959356616,15.17,76.65,2
15.17506,76.65783,308.19,0.39,0.36,2026-08-27,2036,N20,VIIRS,n,2.0NRT,279.7,1.42,N,VIIRS_NOAA20_NRT,,,344.07119873954616,15.18,76.66,3
15.17564,77.10123,299.95,0.39,0.44,2026-08-27,2019,N,VIIRS,n,2.0NRT,280.76,1.48,N,VIIRS_SNPP_NRT,,,301.0693759456163,15.18,77.1,3
15.17565,76.65424,313.9,0.39,0.36,2026-08-27,2036,N20,VIIRS,n,2.0NRT,276.75,1.3,N,VIIRS_NOAA20_NRT,,,344.44906191611506,15.18,76.65,3
15.18383,76.66673,310.39,0.39,0.36,2026-08-27,2036,N20,VIIRS,n,2.0NRT,272.53,2.11,N,VIIRS_NOAA20_NRT,,,343.60811972084036,15.18,76.67,4
15.33388,76.28443,306.14,0.44,0.46,2026-08-27,2019,N,VIIRS,n,2.0NRT,289.24,1.24,N,VIIRS_SNPP_NRT,,,387.8462844909357,15.33,76.28,2
15.33447,76.2467,304.65,0.44,0.46,2026-08-27,2019,N,VIIRS,n,2.0NRT,290.98,0.65,N,VIIRS_SNPP_NRT,,,391.56437773980093,15.33,76.25,2
15.33814,76.27811,331.25,0.39,0.36,2026-08-27,2036,N20,VIIRS,n,2.0NRT,291.87,3.12,N,VIIRS_NOAA20_NRT,,,388.65891576896394,15.34,76.28,3
15.81279,79.73833,335.02,0.39,0.36,2026-08-27,805,N20,VIIRS,n,2.0NRT,289.59,3.1,D,VIIRS_NOAA20_NRT,,,206.01529783718,15.81,79.74,1
15.84457,79.77414,312.68,0.44,0.38,2026-08-27,2017,N,VIIRS,n,2.0NRT,293.76,3.7,N,VIIRS_SNPP_NRT,,,209.26342991145196,15.84,79.77,1
15.84508,79.77524,311.52,0.49,0.41,2026-08-27,2036,N20,VIIRS,n,2.0NRT,291.09,1.2,N,VIIRS_NOAA20_NRT,,,209.31273113278388,15.85,79.78,1
15.93414,78.26305,311.11,0.42,0.38,2026-08-27,2036,N20,VIIRS,n,2.0NRT,292.98,2.6,N,VIIRS_NOAA20_NRT,,,263.3115390238416,15.93,78.26,1
15.99172,78.39793,311.61,0.43,0.38,2026-08-27,2036,N20,VIIRS,n,2.0NRT,291.91,2.61,N,VIIRS_NOAA20_NRT,,,261.2861371631451,15.99,78.4,2
16.54488,79.75774,307.31,0.44,0.39,2026-08-27,2017,N,VIIRS,n,2.0NRT,293.17,3.09,N,VIIRS_SNPP_NRT,,,244.30697559123337,16.54,79.76,1
16.65075,74.31296,303.68,0.41,0.37,2026-08-27,2036,N20,VIIRS,n,2.0NRT,289.91,1.22,N,VIIRS_NOAA20_NRT,,,241.73137528387713,16.65,74.31,1
17.06305,76.97786,312.97,0.39,0.36,2026-08-27,2036,N20,VIIRS,n,2.0NRT,291.9,1.5,N,VIIRS_NOAA20_NRT,,,410.17372899085655,17.06,76.98,2
17.14186,77.1844,313.21,0.39,0.36,2026-08-27,2036,N20,VIIRS,n,2.0NRT,292.77,1.4,N,VIIRS_NOAA20_NRT,,,426.2491372857464,17.14,77.18,2
17.37144,77.44598,308.66,0.39,0.36,2026-08-27,2036,N20,VIIRS,n,2.0NRT,292.75,0.9,N,VIIRS_NOAA20_NRT,,,442.4341544171075,17.37,77.45,1
17.46458,80.65409,319.97,0.42,0.37,2026-08-27,2017,N,VIIRS,n,2.0NRT,292.22,2.91,N,VIIRS_SNPP_NRT,,,152.47733688679753,17.46,80.65,2
17.64342,74.69589,335.54,0.41,0.61,2026-08-27,746,N,VIIRS,n,2.0NRT,291.34,4.07,D,VIIRS_SNPP_NRT,,,171.5395511974188,17.64,74.7,1
17.95565,80.79626,317.3,0.42,0.37,2026-08-27,2017,N,VIIRS,n,2.0NRT,291.82,2.91,N,VIIRS_SNPP_NRT,,,129.65678438625952,17.96,80.8,4
17.95691,80.79494,321.04,0.52,0.42,2026-08-27,2036,N20,VIIRS,n,2.0NRT,291.35,3.85,N,VIIRS_NOAA20_NRT,,,129.7858716250727,17.96,80.79,3
18.53371,74.40224,,1.2,1.09,2026-08-27,1522,Terra,MODIS,63,6.1NRT,,7.22,N,MODIS_NRT,305.2,290.52,97.03118816956018,18.53,74.4,1
18.58396,74.44306,,1.19,1.08,2026-08-27,1522,Terra,MODIS,77,6.1NRT,,10.03,N,MODIS_NRT,309.16,291.68,100.5038996057908,18.58,74.44,1
20.78782,85.26209,335.01,0.39,0.36,2026-08-27,746,N,VIIRS,n,2.0NRT,289.15,1.55,D,VIIRS_SNPP_NRT,,,1.802627505849369,20.79,85.26,2
20.79344,85.25465,352.45,0.53,0.5,2026-08-27,807,N20,VIIRS,n,2.0NRT,289.7,11.97,D,VIIRS_NOAA20_NRT,,,1.362168826880508,20.79,85.25,2
20.86458,84.98833,338.21,0.39,0.36,2026-08-27,746,N,VIIRS,n,2.0NRT,293.29,4.15,D,VIIRS_SNPP_NRT,,,1.2046116073097604,20.86,84.99,2
20.884,84.98126,330.65,0.39,0.36,2026-08-27,746,N,VIIRS,n,2.0NRT,295.69,2.97,D,VIIRS_SNPP_NRT,,,1.1435247167373217,20.88,84.98,1
20.96309,85.18516,332.56,0.53,0.5,2026-08-27,807,N20,VIIRS,n,2.0NRT,291.41,9.71,D,VIIRS_NOAA20_NRT,,,2.6858003281670877,20.96,85.19,1
21.10433,72.64272,305.89,0.45,0.63,2026-08-27,2017,N,VIIRS,n,2.0NRT,264.87,2.66,N,VIIRS_SNPP_NRT,,,0.6240923572037175,21.1,72.64,4
21.11086,72.63392,297.67,0.53,0.42,2026-08-27,2034,N20,VIIRS,n,2.0NRT,269.91,0.95,N,VIIRS_NOAA20_NRT,,,1.0239941988078067,21.11,72.63,1
21.74315,83.8423,,1.52,1.22,2026-08-27,1006,Aqua,MODIS,50,6.1NRT,,18.05,D,MODIS_NRT,314.86,277.11,18.099776033744664,21.74,83.84,4
22.24742,87.38844,309.29,0.46,0.39,2026-08-27,2014,N,VIIRS,n,2.0NRT,285.15,1.81,N,VIIRS_SNPP_NRT,,,95.97598422915566,22.25,87.39,2
22.3576,87.29176,305.77,0.46,0.39,2026-08-27,2014,N,VIIRS,n,2.0NRT,285.89,1.78,N,VIIRS_SNPP_NRT,,,82.31875518744353,22.36,87.29,2
22.36412,87.30086,309.14,0.36,0.58,2026-08-27,2034,N20,VIIRS,n,2.0NRT,277.95,1.91,N,VIIRS_NOAA20_NRT,,,82.98708095125481,22.36,87.3,2
22.36518,87.3004,323.59,0.46,0.39,2026-08-27,2014,N,VIIRS,n,2.0NRT,287.19,3.88,N,VIIRS_SNPP_NRT,,,82.90654077731823,22.37,87.3,2
22.3763,87.27986,324.45,0.46,0.39,2026-08-27,2014,N,VIIRS,n,2.0NRT,287.22,3.31,N,VIIRS_SNPP_NRT,,,80.52271995161186,22.38,87.28,4
22.38937,73.11508,295.06,0.43,0.62,2026-08-27,2017,N,VIIRS,n,2.0NRT,272.37,0.59,N,VIIRS_SNPP_NRT,,,0.5297562626569736,22.39,73.12,1
22.78921,86.19717,327.01,0.41,0.37,2026-08-27,2014,N,VIIRS,n,2.0NRT,278.39,3.24,N,VIIRS_SNPP_NRT,,,0.5196365730602999,22.79,86.2,2
22.79055,86.20983,306.4,0.41,0.37,2026-08-27,2014,N,VIIRS,n,2.0NRT,278.4,1.08,N,VIIRS_SNPP_NRT,,,0.4517917078598241,22.79,86.21,2
22.7993,86.09131,332.6,0.32,0.54,2026-08-27,805,N20,VIIRS,n,2.0NRT,290.28,2.85,D,VIIRS_NOAA20_NRT,,,0.4502551735664847,22.8,86.09,2
23.11632,70.08329,303.57,0.54,0.5,2026-08-27,2034,N20,VIIRS,n,2.0NRT,288.7,1.73,N,VIIRS_NOAA20_NRT,,,0.7987731117615774,23.12,70.08,2
23.54881,87.24468,296.44,0.44,0.39,2026-08-27,2014,N,VIIRS,n,2.0NRT,266.9,0.54,N,VIIRS_SNPP_NRT,,,34.27718760527385,23.55,87.24,1
23.55232,87.24541,308.68,0.44,0.39,2026-08-27,2014,N,VIIRS,n,2.0NRT,275.15,0.54,N,VIIRS_SNPP_NRT,,,34.18112278622496,23.55,87.25,1
23.55659,87.24186,305.1,0.44,0.38,2026-08-27,2014,N,VIIRS,n,2.0NRT,278.17,1.94,N,VIIRS_SNPP_NRT,,,33.65632392200326,23.56,87.24,3
23.56168,87.08423,296.94,0.33,0.56,2026-08-27,2034,N20,VIIRS,n,2.0NRT,264.64,0.31,N,VIIRS_NOAA20_NRT,,,19.68151427542233,23.56,87.08,1
23.66214,87.15569,314.34,0.44,0.38,2026-08-27,2014,N,VIIRS,n,2.0NRT,274.6,2.08,N,VIIRS_SNPP_NRT,,,20.739158670002855,23.66,87.16,2
23.68629,87.12115,295.74,0.44,0.38,2026-08-27,2014,N,VIIRS,n,2.0NRT,261.37,0.41,N,VIIRS_SNPP_NRT,,,16.560298889944,23.69,87.12,2
23.69652,85.29062,304.11,0.39,0.36,2026-08-27,2014,N,VIIRS,n,2.0NRT,279.36,0.74,N,VIIRS_SNPP_NRT,,,21.977741086644276,23.7,85.29,1
23.84105,85.30284,296.4,0.39,0.36,2026-08-27,2014,N,VIIRS,n,2.0NRT,270.04,0.35,N,VIIRS_SNPP_NRT,,,22.118562120546823,23.84,85.3,1
25.94402,72.18896,306.37,0.43,0.46,2026-08-27,2034,N20,VIIRS,n,2.0NRT,291.48,1.26,N,VIIRS_NOAA20_NRT,,,272.39863663010823,25.94,72.19,3
26.6315,70.38902,341.86,0.41,0.45,2026-08-27,807,N20,VIIRS,n,2.0NRT,300.88,6.8,D,VIIRS_NOAA20_NRT,,,362.11040072969945,26.63,70.39,1
26.63397,70.38496,340.33,0.49,0.65,2026-08-27,748,N,VIIRS,n,2.0NRT,300.41,3.37,D,VIIRS_SNPP_NRT,,,362.40419749346626,26.63,70.38,1
27.26775,88.31142,332.2,0.4,0.44,2026-08-27,748,N,VIIRS,n,2.0NRT,278.62,4.19,D,VIIRS_SNPP_NRT,,,345.00516159227277,27.27,88.31,1
29.457,76.86609,334.4,0.61,0.53,2026-08-27,2014,N,VIIRS,n,2.0NRT,289.84,7.66,N,VIIRS_SNPP_NRT,,,54.66583042992748,29.46,76.87,1
29.47338,76.864,304.0,0.78,0.78,2026-08-27,2155,N,VIIRS,n,2.0NRT,286.48,2.54,N,VIIRS_SNPP_NRT,,,56.46233124871589,29.47,76.86,1
29.90638,74.95924,319.9,0.6,0.7,2026-08-27,2155,N,VIIRS,n,2.0NRT,292.24,19.52,N,VIIRS_SNPP_NRT,,,189.8363052266905,29.91,74.96,1
29.90838,74.95381,367.0,0.6,0.7,2026-08-27,2155,N,VIIRS,h,2.0NRT,294.14,15.44,N,VIIRS_SNPP_NRT,,,190.3879332348566,29.91,74.95,1
29.91061,74.94411,315.32,0.51,0.41,2026-08-27,2032,N20,VIIRS,n,2.0NRT,294.79,15.45,N,VIIRS_NOAA20_NRT,,,191.2838066249986,29.91,74.94,1
29.91607,74.94938,305.84,0.6,0.7,2026-08-27,2155,N,VIIRS,n,2.0NRT,292.75,14.38,N,VIIRS_SNPP_NRT,,,191.2444600997546,29.92,74.95,2
29.92134,74.95511,,4.5,1.95,2026-08-27,2212,Aqua,MODIS,55,6.1NRT,,34.97,N,MODIS_NRT,303.46,292.84,191.1603949346475,29.92,74.96,1
31.58428,75.88541,336.5,0.39,0.36,2026-08-27,807,N20,VIIRS,n,2.0NRT,299.75,7.07,D,VIIRS_NOAA20_NRT,,,305.6873520926848,31.58,75.89,1
8.56677,78.0841,336.43,0.56,0.51,2026-08-28,744,N20,VIIRS,n,2.0NRT,298.27,5.17,D,VIIRS_NOAA20_NRT,,,488.4451627429227,8.57,78.08,1
8.66846,77.99356,309.13,0.39,0.36,2026-08-28,2019,N20,VIIRS,n,2.0NRT,294.69,0.44,N,VIIRS_NOAA20_NRT,,,482.1741387645819,8.67,77.99,1
8.70113,77.97204,,1.0,1.0,2026-08-28,334,Terra,MODIS,72,6.1NRT,,6.27,D,MODIS_NRT,319.8,300.36,479.8854624483683,8.7,77.97,1
8.70993,77.97327,,1.0,1.0,2026-08-28,334,Terra,MODIS,84,6.1NRT,,19.0,D,MODIS_NRT,331.28,301.53,478.9430152393835,8.71,77.97,1
8.71467,77.97586,332.45,0.75,0.77,2026-08-28,724,N,VIIRS,n,2.0NRT,291.91,6.6,D,VIIRS_SNPP_NRT,,,478.3448415466348,8.71,77.98,1
8.71625,77.97591,332.03,0.56,0.52,2026-08-28,744,N20,VIIRS,n,2.0NRT,301.28,4.69,D,VIIRS_NOAA20_NRT,,,478.18367629551994,8.72,77.98,1
8.72874,78.1054,335.79,0.73,0.76,2026-08-28,724,N,VIIRS,n,2.0NRT,291.61,9.62,D,VIIRS_SNPP_NRT,,,470.99894460746384,8.73,78.11,1
8.84528,78.0387,334.87,0.56,0.51,2026-08-28,744,N20,VIIRS,n,2.0NRT,303.61,3.18,D,VIIRS_NOAA20_NRT,,,462.2635233136783,8.85,78.04,1
8.85032,78.13471,308.67,0.39,0.36,2026-08-28,2019,N20,VIIRS,n,2.0NRT,294.67,0.43,N,VIIRS_NOAA20_NRT,,,457.3390039375929,8.85,78.13,1
8.89478,77.84936,,1.76,1.3,2026-08-28,1043,Aqua,MODIS,73,6.1NRT,,18.54,D,MODIS_NRT,323.55,301.87,466.6573414333563,8.89,77.85,1
8.94464,78.01625,,1.0,1.0,2026-08-28,334,Terra,MODIS,72,6.1NRT,,7.27,D,MODIS_NRT,321.99,304.25,453.3840767147507,8.94,78.02,1
8.98947,77.82053,338.15,0.57,0.52,2026-08-28,744,N20,VIIRS,n,2.0NRT,302.18,3.48,D,VIIRS_NOAA20_NRT,,,458.8961810586059,8.99,77.82,1
9.18577,77.78692,337.19,0.57,0.52,2026-08-28,744,N20,VIIRS,n,2.0NRT,298.88,9.06,D,VIIRS_NOAA20_NRT,,,441.76950152962985,9.19,77.79,1
9.277,78.39668,334.35,0.69,0.74,2026-08-28,724,N,VIIRS,n,2.0NRT,290.53,6.4,D,VIIRS_SNPP_NRT,,,402.3304643934464,9.28,78.4,1
9.28004,78.3948,344.7,0.52,0.5,2026-08-28,744,N20,VIIRS,n,2.0NRT,298.62,7.43,D,VIIRS_NOAA20_NRT,,,402.1014200667698,9.28,78.39,1
9.28536,78.39864,332.63,0.52,0.5,2026-08-28,744,N20,VIIRS,n,2.0NRT,298.54,2.22,D,VIIRS_NOAA20_NRT,,,401.3914800615892,9.29,78.4,1
9.30402,78.39236,330.72,0.52,0.5,2026-08-28,744,N20,VIIRS,n,2.0NRT,299.51,3.83,D,VIIRS_NOAA20_NRT,,,399.76021480884623,9.3,78.39,1
9.33079,77.52433,334.37,0.5,0.66,2026-08-28,905,N,VIIRS,n,2.0NRT,297.58,4.97,D,VIIRS_SNPP_NRT,,,443.0883886113432,9.33,77.52,1
9.33131,77.52667,334.29,0.5,0.66,2026-08-28,905,N,VIIRS,n,2.0NRT,297.26,1.72,D,VIIRS_SNPP_NRT,,,442.9051319068941,9.33,77.53,1
9.3496,77.55766,,1.01,1.0,2026-08-28,334,Terra,MODIS,70,6.1NRT,,6.5,D,MODIS_NRT,321.0,303.45,439.40052445698086,9.35,77.56,1
9.37273,78.62408,336.3,0.5,0.49,2026-08-28,744,N20,VIIRS,n,2.0NRT,301.6,3.75,D,VIIRS_NOAA20_NRT,,,383.15348877642685,9.37,78.62,1
9.41621,77.50993,334.29,0.5,0.66,2026-08-28,905,N,VIIRS,n,2.0NRT,297.25,2.78,D,VIIRS_SNPP_NRT,,,435.8553534295551,9.42,77.51,1
9.7363,78.57832,337.02,0.49,0.49,2026-08-28,744,N20,VIIRS,n,2.0NRT,300.99,2.12,D,VIIRS_NOAA20_NRT,,,347.54812350042465,9.74,78.58,1
9.73857,78.34991,341.77,0.51,0.49,2026-08-28,744,N20,VIIRS,n,2.0NRT,303.77,5.67,D,VIIRS_NOAA20_NRT,,,358.06497884978285,9.74,78.35,1
9.88019,78.4741,337.89,0.5,0.49,2026-08-28,744,N20,VIIRS,n,2.0NRT,302.38,1.87,D,VIIRS_NOAA20_NRT,,,337.87096561155073,9.88,78.47,1
9.93117,78.07159,339.46,0.53,0.5,2026-08-28,744,N20,VIIRS,n,2.0NRT,300.45,5.4,D,VIIRS_NOAA20_NRT,,,354.88191166760237,9.93,78.07,1
9.94673,78.18559,332.32,0.52,0.5,2026-08-28,744,N20,VIIRS,n,2.0NRT,300.34,2.94,D,VIIRS_NOAA20_NRT,,,346.73484938491725,9.95,78.19,1
9.96105,78.39642,330.65,0.5,0.49,2026-08-28,744,N20,VIIRS,n,2.0NRT,299.87,0.94,D,VIIRS_NOAA20_NRT,,,333.8058827731203,9.96,78.4,1
10.14434,77.74384,,1.01,1.0,2026-08-28,334,Terra,MODIS,79,6.1NRT,,18.76,D,MODIS_NRT,330.28,303.05,354.3793135551672,10.14,77.74,1
10.59022,78.85231,333.44,0.46,0.47,2026-08-28,744,N20,VIIRS,n,2.0NRT,292.16,2.93,D,VIIRS_NOAA20_NRT,,,248.7567425076661,10.59,78.85,1
10.61592,77.42117,301.41,0.42,0.37,2026-08-28,2019,N20,VIIRS,n,2.0NRT,284.19,0.45,N,VIIRS_NOAA20_NRT,,,337.70896286259153,10.62,77.42,2
10.81325,78.80896,331.45,0.46,0.47,2026-08-28,744,N20,VIIRS,n,2.0NRT,293.85,2.33,D,VIIRS_NOAA20_NRT,,,229.0583460378614,10.81,78.81,1
11.04049,77.71588,304.81,0.41,0.37,2026-08-28,2017,N20,VIIRS,n,2.0NRT,280.31,0.56,N,VIIRS_NOAA20_NRT,,,281.96950628345303,11.04,77.72,1
11.14093,77.35009,300.35,0.42,0.38,2026-08-28,2017,N20,VIIRS,n,2.0NRT,280.83,0.38,N,VIIRS_NOAA20_NRT,,,306.27756685389556,11.14,77.35,1
11.18338,79.09915,298.56,0.39,0.36,2026-08-28,2017,N20,VIIRS,n,2.0NRT,270.63,0.49,N,VIIRS_NOAA20_NRT,,,177.73112324660846,11.18,79.1,3
11.24578,78.18089,,1.0,1.0,2026-08-28,334,Terra,MODIS,63,6.1NRT,,5.5,D,MODIS_NRT,316.5,295.56,229.521324477074,11.25,78.18,1
11.24627,77.77045,337.19,0.53,0.5,2026-08-28,744,N20,VIIRS,n,2.0NRT,297.88,3.3,D,VIIRS_NOAA20_NRT,,,262.6160211628873,11.25,77.77,1
11.53513,77.22146,301.93,0.43,0.38,2026-08-28,2017,N20,VIIRS,n,2.0NRT,275.99,0.36,N,VIIRS_NOAA20_NRT,,,295.66212318876086,11.54,77.22,1
11.62135,79.67422,342.53,0.39,0.44,2026-08-28,744,N20,VIIRS,n,2.0NRT,297.44,3.31,D,VIIRS_NOAA20_NRT,,,110.4710811096752,11.62,79.67,1
11.8118,77.92049,315.54,0.41,0.37,2026-08-28,2017,N20,VIIRS,n,2.0NRT,276.22,1.99,N,VIIRS_NOAA20_NRT,,,213.94339270062065,11.81,77.92,3
11.81577,77.91728,304.87,0.41,0.37,2026-08-28,2017,N20,VIIRS,n,2.0NRT,276.13,1.06,N,VIIRS_NOAA20_NRT,,,214.04096469322488,11.82,77.92,3
11.97214,79.74477,343.23,0.38,0.43,2026-08-28,744,N20,VIIRS,n,2.0NRT,294.73,2.69,D,VIIRS_NOAA20_NRT,,,70.72054265253875,11.97,79.74,1
11.9761,79.74409,340.97,0.38,0.43,2026-08-28,744,N20,VIIRS,n,2.0NRT,294.31,3.39,D,VIIRS_NOAA20_NRT,,,70.30016445802167,11.98,79.74,1
12.10217,76.99417,,1.08,1.04,2026-08-28,334,Terra,MODIS,51,6.1NRT,,5.61,D,MODIS_NRT,309.2,292.99,297.0188555731782,12.1,76.99,1
12.25146,79.63464,300.56,0.38,0.36,2026-08-28,2017,N20,VIIRS,n,2.0NRT,276.78,0.53,N,VIIRS_NOAA20_NRT,,,45.617327933771534,12.25,79.63,1
12.63144,79.54516,330.25,0.39,0.44,2026-08-28,744,N20,VIIRS,n,2.0NRT,298.38,1.88,D,VIIRS_NOAA20_NRT,,,15.65118451301433,12.63,79.55,1
13.71205,79.61907,307.18,0.52,0.5,2026-08-28,1957,N,VIIRS,n,2.0NRT,290.35,2.67,N,VIIRS_SNPP_NRT,,,1.3116066623535991,13.71,79.62,3
13.82107,79.2636,,1.0,1.0,2026-08-28,334,Terra,MODIS,59,6.1NRT,,15.31,D,MODIS_NRT,321.69,297.73,30.41201337326609,13.82,79.26,2
13.89451,77.03326,305.16,0.46,0.39,2026-08-28,2017,N20,VIIRS,n,2.0NRT,285.58,0.97,N,VIIRS_NOAA20_NRT,,,267.6678091608161,13.89,77.03,1
13.89907,76.56499,301.18,0.49,0.4,2026-08-28,2017,N20,VIIRS,n,2.0NRT,286.98,0.8,N,VIIRS_NOAA20_NRT,,,318.0951735206608,13.9,76.56,1
14.49166,79.70969,339.76,0.45,0.63,2026-08-28,726,N,VIIRS,n,2.0NRT,297.46,6.57,D,VIIRS_SNPP_NRT,,,61.742570781508064,14.49,79.71,1
14.59493,77.66154,334.05,0.47,0.48,2026-08-28,746,N20,VIIRS,n,2.0NRT,301.79,3.27,D,VIIRS_NOAA20_NRT,,,219.5789210562897,14.59,77.66,1
14.60621,78.52273,308.2,0.41,0.37,2026-08-28,2019,N20,VIIRS,n,2.0NRT,289.18,1.33,N,VIIRS_NOAA20_NRT,,,136.77990664119554,14.61,78.52,1
14.66031,75.6534,336.45,0.32,0.54,2026-08-28,746,N20,VIIRS,n,2.0NRT,293.69,12.84,D,VIIRS_NOAA20_NRT,,,429.0940039703721,14.66,75.65,1
14.66086,75.65631,367.0,0.32,0.54,2026-08-28,746,N20,VIIRS,h,2.0NRT,295.26,12.84,D,VIIRS_NOAA20_NRT,,,428.8058363249754,14.66,75.66,1
14.75162,79.71841,330.88,0.45,0.63,2026-08-28,726,N,VIIRS,n,2.0NRT,293.97,2.94,D,VIIRS_SNPP_NRT,,,89.37698054113122,14.75,79.72,1
15.02867,79.75406,334.11,0.44,0.62,2026-08-28,726,N,VIIRS,n,2.0NRT,296.17,2.51,D,VIIRS_SNPP_NRT,,,119.10634727877957,15.03,79.75,1
15.089,79.77787,336.56,0.52,0.41,2026-08-28,746,N20,VIIRS,n,2.0NRT,303.76,21.57,D,VIIRS_NOAA20_NRT,,,125.47944478855858,15.09,79.78,1
15.11159,76.8063,303.23,0.49,0.4,2026-08-28,2019,N20,VIIRS,n,2.0NRT,290.45,0.89,N,VIIRS_NOAA20_NRT,,,326.643489201739,15.11,76.81,2
15.13364,79.95895,311.16,0.39,0.36,2026-08-28,2019,N20,VIIRS,n,2.0NRT,282.7,1.59,N,VIIRS_NOAA20_NRT,,,129.99091305008966,15.13,79.96,1
15.17368,76.78575,304.27,0.49,0.4,2026-08-28,2019,N20,VIIRS,n,2.0NRT,291.11,1.18,N,VIIRS_NOAA20_NRT,,,331.5601190842852,15.17,76.79,2
15.17497,77.10068,306.28,0.4,0.6,2026-08-28,1957,N,VIIRS,n,2.0NRT,288.41,0.83,N,VIIRS_SNPP_NRT,,,301.08862646076085,15.17,77.1,2
15.1754,76.69256,315.2,0.5,0.41,2026-08-28,2019,N20,VIIRS,n,2.0NRT,291.4,1.87,N,VIIRS_NOAA20_NRT,,,340.69813219080305,15.18,76.69,1
15.17731,77.1031,305.59,0.47,0.4,2026-08-28,2019,N20,VIIRS,n,2.0NRT,291.33,1.81,N,VIIRS_NOAA20_NRT,,,300.97369433097373,15.18,77.1,3
15.17881,76.65878,,1.3,1.13,2026-08-28,2254,Aqua,MODIS,51,6.1NRT,,5.52,N,MODIS_NRT,302.66,291.39,344.1513465194551,15.18,76.66,3
15.17891,76.65431,302.81,0.43,0.62,2026-08-28,1957,N,VIIRS,n,2.0NRT,286.99,1.76,N,VIIRS_SNPP_NRT,,,344.5924048735927,15.18,76.65,3
15.18244,76.67507,315.47,0.43,0.62,2026-08-28,1957,N,VIIRS,n,2.0NRT,286.94,2.9,N,VIIRS_SNPP_NRT,,,342.730429623185,15.18,76.68,3
15.1825,76.64178,330.42,0.5,0.41,2026-08-28,2019,N20,VIIRS,n,2.0NRT,292.13,4.32,N,VIIRS_NOAA20_NRT,,,345.98158036628854,15.18,76.64,2
15.183,76.66542,321.1,0.5,0.41,2026-08-28,2019,N20,VIIRS,n,2.0NRT,292.07,2.73,N,VIIRS_NOAA20_NRT,,,343.69735012912423,15.18,76.67,4
15.18653,76.67741,301.38,0.43,0.62,2026-08-28,1957,N,VIIRS,n,2.0NRT,286.17,1.49,N,VIIRS_SNPP_NRT,,,342.6929261286288,15.19,76.68,1
15.32899,78.96827,332.13,0.57,0.43,2026-08-28,746,N20,VIIRS,n,2.0NRT,300.66,4.34,D,VIIRS_NOAA20_NRT,,,167.92155586922277,15.33,78.97,1
15.33159,79.23282,,1.0,1.0,2026-08-28,332,Terra,MODIS,59,6.1NRT,,6.62,D,MODIS_NRT,316.58,299.11,158.96560838090016,15.33,79.23,1
15.33618,76.28429,304.01,0.52,0.42,2026-08-28,2019,N20,VIIRS,n,2.0NRT,289.95,1.01,N,VIIRS_NOAA20_NRT,,,387.9652623459682,15.34,76.28,3
15.63525,79.5853,340.53,0.52,0.41,2026-08-28,746,N20,VIIRS,n,2.0NRT,304.83,7.27,D,VIIRS_NOAA20_NRT,,,187.93398447112125,15.64,79.59,1
15.66104,73.9874,299.07,0.65,0.73,2026-08-28,1957,N,VIIRS,n,2.0NRT,285.44,0.86,N,VIIRS_SNPP_NRT,,,329.82818266730374,15.66,73.99,1
15.73366,79.84308,335.64,0.5,0.41,2026-08-28,746,N20,VIIRS,n,2.0NRT,300.32,4.96,D,VIIRS_NOAA20_NRT,,,196.6067623362506,15.73,79.84,1
15.76769,79.49413,331.28,0.44,0.62,2026-08-28,726,N,VIIRS,n,2.0NRT,292.63,3.29,D,VIIRS_SNPP_NRT,,,202.93794869663245,15.77,79.49,1
15.89742,79.43373,298.3,0.4,0.37,2026-08-28,2019,N20,VIIRS,n,2.0NRT,261.11,0.61,N,VIIRS_NOAA20_NRT,,,217.75868919819115,15.9,79.43,1
15.91515,79.33801,,1.0,1.0,2026-08-28,332,Terra,MODIS,62,6.1NRT,,5.79,D,MODIS_NRT,318.43,299.97,220.76383790057477,15.92,79.34,1
15.98432,79.14418,304.46,0.4,0.37,2026-08-28,2019,N20,VIIRS,n,2.0NRT,272.88,1.04,N,VIIRS_NOAA20_NRT,,,231.8188176867588,15.98,79.14,1
15.99496,78.3997,331.18,0.4,0.44,2026-08-28,746,N20,VIIRS,n,2.0NRT,296.42,1.68,D,VIIRS_NOAA20_NRT,,,261.5062374659075,15.99,78.4,2
16.02722,79.71971,,1.0,1.0,2026-08-28,332,Terra,MODIS,65,6.1NRT,,8.95,D,MODIS_NRT,321.31,299.61,229.9417984228561,16.03,79.72,1
16.065,79.70681,,1.0,1.0,2026-08-28,332,Terra,MODIS,58,6.1NRT,,5.6,D,MODIS_NRT,317.81,300.26,234.2441985611165,16.07,79.71,1
16.09608,79.16954,307.79,0.4,0.37,2026-08-28,2019,N20,VIIRS,n,2.0NRT,279.43,0.87,N,VIIRS_NOAA20_NRT,,,243.46168748823095,16.1,79.17,1
16.13124,77.82779,354.31,0.43,0.46,2026-08-28,746,N20,VIIRS,n,2.0NRT,298.26,10.46,D,VIIRS_NOAA20_NRT,,,308.2584508896169,16.13,77.83,1
16.13541,77.827,340.62,0.43,0.46,2026-08-28,746,N20,VIIRS,n,2.0NRT,296.55,6.35,D,VIIRS_NOAA20_NRT,,,308.6751671423926,16.14,77.83,1
17.0624,76.98022,307.14,0.5,0.41,2026-08-28,2019,N20,VIIRS,n,2.0NRT,288.72,1.3,N,VIIRS_NOAA20_NRT,,,410.43045278485783,17.06,76.98,2
17.14009,77.17446,305.66,0.49,0.41,2026-08-28,2019,N20,VIIRS,n,2.0NRT,290.32,1.09,N,VIIRS_NOAA20_NRT,,,425.3672832314505,17.14,77.17,1
17.14254,77.18425,305.29,0.49,0.4,2026-08-28,2019,N20,VIIRS,n,2.0NRT,290.03,0.8,N,VIIRS_NOAA20_NRT,,,426.2035673470825,17.14,77.18,2
17.46277,80.65205,305.23,0.5,0.49,2026-08-28,1957,N,VIIRS,n,2.0NRT,287.76,2.54,N,VIIRS_SNPP_NRT,,,152.6131374352935,17.46,80.65,2
17.95635,80.79659,310.34,0.49,0.49,2026-08-28,1957,N,VIIRS,n,2.0NRT,286.49,1.61,N,VIIRS_SNPP_NRT,,,129.61629683366627,17.96,80.8,4
17.95662,80.79441,331.26,0.39,0.36,2026-08-28,2017,N20,VIIRS,n,2.0NRT,289.65,3.13,N,VIIRS_NOAA20_NRT,,,129.8441145057938,17.96,80.79,3
19.82014,79.23772,295.83,0.43,0.38,2026-08-28,2017,N20,VIIRS,n,2.0NRT,277.78,0.73,N,VIIRS_NOAA20_NRT,,,233.3451236894139,19.82,79.24,2
19.93703,73.71011,308.78,0.58,0.52,2026-08-28,2017,N20,VIIRS,n,2.0NRT,289.52,1.25,N,VIIRS_NOAA20_NRT,,,62.40717164760692,19.94,73.71,1
19.96314,79.33248,308.63,0.42,0.38,2026-08-28,2017,N20,VIIRS,n,2.0NRT,273.61,1.21,N,VIIRS_NOAA20_NRT,,,215.94080471626137,19.96,79.33,1
20.9107,71.46196,305.7,0.6,0.53,2026-08-28,2138,N,VIIRS,n,2.0NRT,292.17,2.89,N,VIIRS_SNPP_NRT,,,0.2642528420979695,20.91,71.46,3
20.9654,86.01233,334.34,0.47,0.4,2026-08-28,746,N20,VIIRS,n,2.0NRT,283.91,3.23,D,VIIRS_NOAA20_NRT,,,0.6825503014419652,20.97,86.01,1
21.10043,72.63733,305.36,0.35,0.57,2026-08-28,2138,N,VIIRS,n,2.0NRT,289.84,1.2,N,VIIRS_SNPP_NRT,,,1.24149154840888,21.1,72.64,4
21.1034,72.64882,301.14,0.35,0.57,2026-08-28,2138,N,VIIRS,n,2.0NRT,288.98,0.74,N,VIIRS_SNPP_NRT,,,0.8915098264273305,21.1,72.65,2
21.10869,72.64594,317.01,0.35,0.57,2026-08-28,2017,N20,VIIRS,n,2.0NRT,291.29,1.78,N,VIIRS_NOAA20_NRT,,,0.2634182621774611,21.11,72.65,3
21.1097,72.63574,301.04,0.35,0.57,2026-08-28,2017,N20,VIIRS,n,2.0NRT,287.97,2.49,N,VIIRS_NOAA20_NRT,,,0.8293748937696878,21.11,72.64,2
21.74363,83.84044,332.72,0.4,0.37,2026-08-28,746,N20,VIIRS,n,2.0NRT,291.66,5.74,D,VIIRS_NOAA20_NRT,,,18.242506746251888,21.74,83.84,4
21.74754,83.84375,344.84,0.4,0.37,2026-08-28,746,N20,VIIRS,n,2.0NRT,293.22,5.74,D,VIIRS_NOAA20_NRT,,,17.735809599022616,21.75,83.84,3
21.76207,83.84924,333.38,0.4,0.37,2026-08-28,746,N20,VIIRS,n,2.0NRT,291.87,4.28,D,VIIRS_NOAA20_NRT,,,16.52114661391983,21.76,83.85,2
22.02734,85.49293,,3.25,1.7,2026-08-28,907,Aqua,MODIS,52,6.1NRT,,24.28,D,MODIS_NRT,309.65,288.95,6.663990930880511,22.03,85.49,1
22.26705,75.13366,303.97,0.5,0.49,2026-08-28,2017,N20,VIIRS,n,2.0NRT,288.88,0.85,N,VIIRS_NOAA20_NRT,,,171.3450649884069,22.27,75.13,1
22.36216,87.01751,332.41,0.4,0.37,2026-08-28,729,N,VIIRS,n,2.0NRT,295.92,4.8,D,VIIRS_SNPP_NRT,,,55.8374789801268,22.36,87.02,2
22.37538,87.27899,330.44,0.57,0.43,2026-08-28,746,N20,VIIRS,n,2.0NRT,292.8,10.47,D,VIIRS_NOAA20_NRT,,,80.46730818344439,22.38,87.28,4
22.92944,70.106,336.34,0.49,0.48,2026-08-28,907,N,VIIRS,n,2.0NRT,295.78,4.39,D,VIIRS_SNPP_NRT,,,1.1538091064206089,22.93,70.11,2
23.80325,86.33153,341.8,0.52,0.42,2026-08-28,748,N20,VIIRS,n,2.0NRT,289.84,5.56,D,VIIRS_NOAA20_NRT,,,2.7548930932426847,23.8,86.33,1
24.11609,86.8623,299.6,0.42,0.38,2026-08-28,1955,N,VIIRS,n,2.0NRT,273.16,1.75,N,VIIRS_SNPP_NRT,,,21.83212839692738,24.12,86.86,1
24.66053,74.63365,302.81,0.4,0.6,2026-08-28,2136,N,VIIRS,n,2.0NRT,289.45,1.34,N,VIIRS_SNPP_NRT,,,198.80896728727944,24.66,74.63,1
25.03555,87.38821,331.96,0.41,0.45,2026-08-28,748,N20,VIIRS,n,2.0NRT,295.33,3.03,D,VIIRS_NOAA20_NRT,,,81.38317809980187,25.04,87.39,2
25.9428,72.19143,351.1,0.36,0.57,2026-08-28,909,N,VIIRS,n,2.0NRT,296.52,18.43,D,VIIRS_SNPP_NRT,,,272.2436832271593,25.94,72.19,3
25.94312,72.19508,367.0,0.36,0.57,2026-08-28,909,N,VIIRS,h,2.0NRT,302.25,21.83,D,VIIRS_SNPP_NRT,,,272.25041104517595,25.94,72.2,1
26.26726,74.18773,305.62,0.32,0.55,2026-08-28,2014,N20,VIIRS,n,2.0NRT,294.02,1.44,N,VIIRS_NOAA20_NRT,,,276.7135309061344,26.27,74.19,1
27.43482,70.8578,340.0,0.35,0.57,2026-08-28,750,N20,VIIRS,n,2.0NRT,304.94,2.03,D,VIIRS_NOAA20_NRT,,,446.4027845111593,27.43,70.86,1
30.47519,76.58662,304.01,0.38,0.59,2026-08-28,2133,N,VIIRS,n,2.0NRT,288.36,0.86,N,VIIRS_SNPP_NRT,,,170.9197067224584,30.48,76.59,1
8.57969,77.66151,339.99,0.48,0.48,2026-08-29,845,N,VIIRS,n,2.0NRT,295.44,3.72,D,VIIRS_SNPP_NRT,,,507.2844004533142,8.58,77.66,1
8.60485,77.9724,339.73,0.5,0.49,2026-08-29,845,N,VIIRS,n,2.0NRT,288.68,3.44,D,VIIRS_SNPP_NRT,,,489.5707778088537,8.6,77.97,1
8.60874,77.96722,336.02,0.5,0.49,2026-08-29,845,N,VIIRS,n,2.0NRT,287.79,2.7,D,VIIRS_SNPP_NRT,,,489.4167816420704,8.61,77.97,1
8.64795,77.83846,336.15,0.49,0.49,2026-08-29,845,N,VIIRS,n,2.0NRT,293.65,2.82,D,VIIRS_SNPP_NRT,,,491.618476328426,8.65,77.84,1
8.74677,78.08665,332.55,0.51,0.49,2026-08-29,845,N,VIIRS,n,2.0NRT,287.41,2.69,D,VIIRS_SNPP_NRT,,,470.00618199058545,8.75,78.09,1
9.3622,78.73381,332.95,0.52,0.67,2026-08-29,724,N20,VIIRS,n,2.0NRT,284.66,4.63,D,VIIRS_NOAA20_NRT,,,380.2149429938893,9.36,78.73,1
9.50563,77.60714,335.3,0.49,0.48,2026-08-29,845,N,VIIRS,n,2.0NRT,295.79,4.45,D,VIIRS_SNPP_NRT,,,421.77067655831655,9.51,77.61,1
10.40738,79.5165,354.22,0.44,0.62,2026-08-29,726,N20,VIIRS,n,2.0NRT,289.07,6.75,D,VIIRS_NOAA20_NRT,,,243.09762226722745,10.41,79.52,1
10.93459,78.47301,337.47,0.58,0.52,2026-08-29,845,N,VIIRS,n,2.0NRT,299.46,5.59,D,VIIRS_SNPP_NRT,,,236.82792125677403,10.93,78.47,1
10.98918,78.7616,330.06,0.48,0.65,2026-08-29,726,N20,VIIRS,n,2.0NRT,288.64,3.86,D,VIIRS_NOAA20_NRT,,,215.1313132892409,10.99,78.76,1
11.74922,79.71774,333.73,0.36,0.58,2026-08-29,845,N,VIIRS,n,2.0NRT,294.78,2.57,D,VIIRS_SNPP_NRT,,,95.65088447584736,11.75,79.72,1
11.83292,79.64937,332.56,0.36,0.57,2026-08-29,845,N,VIIRS,n,2.0NRT,295.44,2.65,D,VIIRS_SNPP_NRT,,,88.10056988862821,11.83,79.65,1
12.17967,79.73842,344.66,0.37,0.58,2026-08-29,845,N,VIIRS,n,2.0NRT,295.14,7.67,D,VIIRS_SNPP_NRT,,,48.35436295913602,12.18,79.74,1
12.20977,79.82823,332.09,0.39,0.59,2026-08-29,726,N20,VIIRS,n,2.0NRT,295.71,2.73,D,VIIRS_NOAA20_NRT,,,43.328300447164814,12.21,79.83,1
13.51015,78.18242,335.03,0.6,0.53,2026-08-29,848,N,VIIRS,n,2.0NRT,295.74,6.93,D,VIIRS_SNPP_NRT,,,142.98058143395593,13.51,78.18,1
13.56609,79.58166,331.28,0.38,0.59,2026-08-29,726,N20,VIIRS,n,2.0NRT,294.21,2.31,D,VIIRS_NOAA20_NRT,,,6.845922781614289,13.57,79.58,1
14.14709,77.40031,330.17,0.55,0.51,2026-08-29,848,N,VIIRS,n,2.0NRT,296.0,1.36,D,VIIRS_SNPP_NRT,,,232.78991113028977,14.15,77.4,1
14.20221,79.16484,336.34,0.36,0.57,2026-08-29,848,N,VIIRS,n,2.0NRT,292.66,2.54,D,VIIRS_SNPP_NRT,,,54.32483263395011,14.2,79.16,1
14.55055,79.80936,349.62,0.35,0.57,2026-08-29,726,N20,VIIRS,n,2.0NRT,294.78,4.3,D,VIIRS_NOAA20_NRT,,,65.62370440287792,14.55,79.81,1
14.65011,77.66823,336.82,0.49,0.65,2026-08-29,726,N20,VIIRS,n,2.0NRT,290.02,5.27,D,VIIRS_NOAA20_NRT,,,221.20051526518532,14.65,77.67,1
14.78831,79.94443,332.64,0.41,0.61,2026-08-29,848,N,VIIRS,n,2.0NRT,290.36,6.21,D,VIIRS_SNPP_NRT,,,91.5645643126603,14.79,79.94,1
15.46434,80.16425,349.37,0.43,0.62,2026-08-29,848,N,VIIRS,n,2.0NRT,293.78,5.8,D,VIIRS_SNPP_NRT,,,169.07897894161988,15.46,80.16,1
15.47011,80.16361,333.26,0.43,0.62,2026-08-29,848,N,VIIRS,n,2.0NRT,289.99,5.8,D,VIIRS_SNPP_NRT,,,169.69933152047668,15.47,80.16,1
22.37586,87.27822,331.92,0.43,0.46,2026-08-29,707,N,VIIRS,n,2.0NRT,292.02,4.74,D,VIIRS_SNPP_NRT,,,80.37592212541192,22.38,87.28,4
23.55899,87.24026,330.62,0.41,0.45,2026-08-29,709,N,VIIRS,n,2.0NRT,290.41,2.57,D,VIIRS_SNPP_NRT,,,33.399326188863036,23.56,87.24,3
23.68707,87.12255,331.22,0.39,0.36,2026-08-29,729,N20,VIIRS,n,2.0NRT,295.74,3.21,D,VIIRS_NOAA20_NRT,,,16.674385234023745,23.69,87.12,2
25.03602,87.38899,335.28,0.39,0.36,2026-08-29,729,N20,VIIRS,n,2.0NRT,295.29,3.58,D,VIIRS_NOAA20_NRT,,,81.46854384724814,25.04,87.39,2
