latitude,longitude,bright_ti4,scan,track,acq_date,acq_time,satellite,instrument,confidence,version,bright_ti5,frp,daynight,source_sensor,brightness,bright_t31
8.40038,78.04769,338.12,0.39,0.36,2026-09-22,816,N20,VIIRS,n,2.0NRT,300.27,3.46,D,VIIRS_NOAA20_NRT,,
8.55172,77.81528,350.32,0.47,0.47,2026-09-22,756,N,VIIRS,n,2.0NRT,299.89,10.65,D,VIIRS_SNPP_NRT,,
8.60402,77.96516,330.04,0.46,0.47,2026-09-22,756,N,VIIRS,n,2.0NRT,297.13,1.5,D,VIIRS_SNPP_NRT,,
8.66189,78.04949,348.41,0.39,0.36,2026-09-22,816,N20,VIIRS,n,2.0NRT,300.71,4.96,D,VIIRS_NOAA20_NRT,,
8.67101,77.99467,304.96,0.38,0.36,2026-09-22,2032,N,VIIRS,n,2.0NRT,286.8,0.38,N,VIIRS_SNPP_NRT,,
8.67295,77.47455,337.27,0.65,0.73,2026-09-22,720,N21,VIIRS,n,2.0NRT,286.31,14.12,D,VIIRS_NOAA21_NRT,,
8.67719,77.4745,331.29,0.49,0.48,2026-09-22,756,N,VIIRS,n,2.0NRT,291.27,2.92,D,VIIRS_SNPP_NRT,,
8.8344,78.08942,341.74,0.39,0.36,2026-09-22,816,N20,VIIRS,n,2.0NRT,305.79,7.17,D,VIIRS_NOAA20_NRT,,
8.84474,77.86256,,1.04,1.02,2026-09-22,328,Terra,MODIS,73,6.1NRT,,6.7,D,MODIS_NRT,321.25,299.2
8.91272,77.51103,335.5,0.38,0.36,2026-09-22,816,N20,VIIRS,n,2.0NRT,300.37,1.83,D,VIIRS_NOAA20_NRT,,
8.9238,77.49513,340.64,0.38,0.36,2026-09-22,816,N20,VIIRS,n,2.0NRT,301.0,2.81,D,VIIRS_NOAA20_NRT,,
9.0019,77.67091,336.8,0.38,0.36,2026-09-22,816,N20,VIIRS,n,2.0NRT,304.05,2.41,D,VIIRS_NOAA20_NRT,,
9.12537,77.64301,335.21,0.47,0.48,2026-09-22,756,N,VIIRS,n,2.0NRT,299.01,3.18,D,VIIRS_SNPP_NRT,,
9.26447,77.48221,307.25,0.48,0.48,2026-09-22,1955,N21,VIIRS,n,2.0NRT,266.74,1.68,N,VIIRS_NOAA21_NRT,,
9.41835,78.65449,342.61,0.4,0.44,2026-09-22,756,N,VIIRS,n,2.0NRT,293.57,2.66,D,VIIRS_SNPP_NRT,,
9.57274,78.57926,338.7,0.4,0.44,2026-09-22,756,N,VIIRS,n,2.0NRT,295.12,2.85,D,VIIRS_SNPP_NRT,,
9.64433,77.74282,340.2,0.39,0.36,2026-09-22,816,N20,VIIRS,n,2.0NRT,302.66,1.71,D,VIIRS_NOAA20_NRT,,
9.64763,77.74231,336.31,0.39,0.36,2026-09-22,816,N20,VIIRS,n,2.0NRT,299.81,1.71,D,VIIRS_NOAA20_NRT,,
9.86792,77.45,336.33,0.38,0.36,2026-09-22,816,N20,VIIRS,n,2.0NRT,298.06,3.74,D,VIIRS_NOAA20_NRT,,
10.12011,78.72713,331.96,0.4,0.37,2026-09-22,816,N20,VIIRS,n,2.0NRT,293.63,2.46,D,VIIRS_NOAA20_NRT,,
10.84744,77.61841,334.59,0.39,0.36,2026-09-22,816,N20,VIIRS,n,2.0NRT,297.67,3.13,D,VIIRS_NOAA20_NRT,,
10.96626,77.76252,333.77,0.43,0.46,2026-09-22,756,N,VIIRS,n,2.0NRT,294.84,2.89,D,VIIRS_SNPP_NRT,,
11.0276,77.41729,345.32,0.39,0.36,2026-09-22,816,N20,VIIRS,n,2.0NRT,295.19,5.29,D,VIIRS_NOAA20_NRT,,
11.30747,77.65325,334.43,0.39,0.36,2026-09-22,816,N20,VIIRS,n,2.0NRT,285.58,2.54,D,VIIRS_NOAA20_NRT,,
12.7465,77.62124,308.43,0.53,0.5,2026-09-22,1953,N21,VIIRS,n,2.0NRT,277.04,1.41,N,VIIRS_NOAA21_NRT,,
14.1772,75.44983,332.04,0.39,0.36,2026-09-22,816,N20,VIIRS,n,2.0NRT,300.47,3.72,D,VIIRS_NOAA20_NRT,,
14.63489,75.59111,334.29,0.51,0.5,2026-09-22,758,N,VIIRS,n,2.0NRT,297.49,5.39,D,VIIRS_SNPP_NRT,,
14.64415,75.64481,331.52,0.58,0.7,2026-09-22,902,N21,VIIRS,n,2.0NRT,280.06,6.37,D,VIIRS_NOAA21_NRT,,
14.64599,75.64265,329.17,0.58,0.7,2026-09-22,902,N21,VIIRS,n,2.0NRT,273.47,5.78,D,VIIRS_NOAA21_NRT,,
14.86724,75.62377,334.3,0.51,0.49,2026-09-22,758,N,VIIRS,n,2.0NRT,297.95,6.56,D,VIIRS_SNPP_NRT,,
15.65777,73.98866,314.08,0.4,0.37,2026-09-22,2051,N20,VIIRS,n,2.0NRT,282.08,1.22,N,VIIRS_NOAA20_NRT,,
17.33474,75.4758,330.57,0.38,0.36,2026-09-22,818,N20,VIIRS,n,2.0NRT,296.92,1.49,D,VIIRS_NOAA20_NRT,,
17.47583,78.89429,327.93,0.47,0.4,2026-09-22,818,N20,VIIRS,n,2.0NRT,279.97,3.44,D,VIIRS_NOAA20_NRT,,
18.80264,74.26019,317.29,0.42,0.45,2026-09-22,2029,N,VIIRS,n,2.0NRT,286.21,1.87,N,VIIRS_SNPP_NRT,,
19.91965,75.23198,334.05,0.38,0.36,2026-09-22,818,N20,VIIRS,n,2.0NRT,296.74,2.04,D,VIIRS_NOAA20_NRT,,
20.76049,85.2972,310.35,0.4,0.37,2026-09-22,1951,N21,VIIRS,n,2.0NRT,281.51,1.64,N,VIIRS_NOAA21_NRT,,
20.79006,85.25945,305.28,0.4,0.37,2026-09-22,1951,N21,VIIRS,n,2.0NRT,270.26,1.29,N,VIIRS_NOAA21_NRT,,
20.79452,85.25244,295.59,0.4,0.37,2026-09-22,1951,N21,VIIRS,n,2.0NRT,267.28,0.8,N,VIIRS_NOAA21_NRT,,
20.90905,71.45935,304.86,0.39,0.6,2026-09-22,2131,N21,VIIRS,n,2.0NRT,287.63,1.09,N,VIIRS_NOAA21_NRT,,
20.96889,85.15355,300.09,0.53,0.42,2026-09-22,2027,N,VIIRS,n,2.0NRT,271.28,2.45,N,VIIRS_SNPP_NRT,,
21.10189,72.63525,333.37,0.44,0.62,2026-09-22,905,N21,VIIRS,n,2.0NRT,290.2,7.32,D,VIIRS_NOAA21_NRT,,
21.10248,72.64541,320.62,0.57,0.52,2026-09-22,2027,N,VIIRS,n,2.0NRT,288.08,7.03,N,VIIRS_SNPP_NRT,,
21.10496,72.63382,329.1,0.57,0.52,2026-09-22,2027,N,VIIRS,n,2.0NRT,289.2,5.2,N,VIIRS_SNPP_NRT,,
21.10729,72.64602,341.41,0.57,0.52,2026-09-22,2027,N,VIIRS,n,2.0NRT,289.97,7.03,N,VIIRS_SNPP_NRT,,
21.10809,72.63554,,1.62,1.25,2026-09-22,1554,Terra,MODIS,93,6.1NRT,,23.05,N,MODIS_NRT,316.1,291.76
21.10977,72.63442,311.94,0.57,0.52,2026-09-22,2027,N,VIIRS,n,2.0NRT,290.06,5.2,N,VIIRS_SNPP_NRT,,
21.19494,81.42363,,1.0,1.0,2026-09-22,323,Terra,MODIS,75,6.1NRT,,11.57,D,MODIS_NRT,317.6,286.85
21.19626,81.41425,,1.0,1.0,2026-09-22,323,Terra,MODIS,78,6.1NRT,,13.45,D,MODIS_NRT,319.97,288.6
21.26382,72.94082,309.93,0.39,0.36,2026-09-22,2049,N20,VIIRS,n,2.0NRT,293.55,0.86,N,VIIRS_NOAA20_NRT,,
21.27164,72.87063,310.97,0.55,0.51,2026-09-22,2027,N,VIIRS,n,2.0NRT,288.73,2.06,N,VIIRS_SNPP_NRT,,
21.43204,72.97727,305.11,0.39,0.36,2026-09-22,2049,N20,VIIRS,n,2.0NRT,291.29,0.84,N,VIIRS_NOAA20_NRT,,
21.74708,83.84389,331.4,0.46,0.39,2026-09-22,722,N21,VIIRS,n,2.0NRT,291.31,3.3,D,VIIRS_NOAA21_NRT,,
21.80369,75.58145,332.35,0.39,0.44,2026-09-22,801,N,VIIRS,n,2.0NRT,298.01,2.7,D,VIIRS_SNPP_NRT,,
21.86162,75.56395,367.0,0.48,0.64,2026-09-22,724,N21,VIIRS,h,2.0NRT,292.62,11.27,D,VIIRS_NOAA21_NRT,,
21.98676,83.23273,295.01,0.42,0.38,2026-09-22,2027,N,VIIRS,n,2.0NRT,264.67,0.7,N,VIIRS_SNPP_NRT,,
22.04179,83.72925,329.56,0.44,0.38,2026-09-22,801,N,VIIRS,n,2.0NRT,287.54,6.7,D,VIIRS_SNPP_NRT,,
22.11861,75.29721,334.03,0.39,0.36,2026-09-22,820,N20,VIIRS,n,2.0NRT,299.23,3.58,D,VIIRS_NOAA20_NRT,,
22.2106,84.86958,,1.21,1.09,2026-09-22,323,Terra,MODIS,70,6.1NRT,,9.4,D,MODIS_NRT,314.48,293.92
22.31283,69.86509,304.07,0.68,0.74,2026-09-22,2208,N,VIIRS,n,2.0NRT,290.99,1.04,N,VIIRS_SNPP_NRT,,
22.314,69.86107,307.6,0.68,0.74,2026-09-22,2208,N,VIIRS,n,2.0NRT,290.97,0.7,N,VIIRS_SNPP_NRT,,
22.32229,82.59002,332.73,0.41,0.37,2026-09-22,801,N,VIIRS,n,2.0NRT,287.3,2.58,D,VIIRS_SNPP_NRT,,
22.33889,69.85475,309.11,0.53,0.42,2026-09-22,2049,N20,VIIRS,n,2.0NRT,297.57,2.17,N,VIIRS_NOAA20_NRT,,
22.3562,82.30109,335.24,0.57,0.52,2026-09-22,820,N20,VIIRS,n,2.0NRT,285.64,12.31,D,VIIRS_NOAA20_NRT,,
22.36156,87.01673,329.31,0.38,0.36,2026-09-22,722,N21,VIIRS,n,2.0NRT,295.8,5.71,D,VIIRS_NOAA21_NRT,,
22.37771,87.27961,345.21,0.38,0.36,2026-09-22,722,N21,VIIRS,n,2.0NRT,298.05,6.39,D,VIIRS_NOAA21_NRT,,
22.41307,69.04001,306.19,0.51,0.5,2026-09-22,2131,N21,VIIRS,n,2.0NRT,294.62,0.69,N,VIIRS_NOAA21_NRT,,
22.41789,69.03757,319.53,0.39,0.44,2026-09-22,2049,N20,VIIRS,n,2.0NRT,296.08,1.85,N,VIIRS_NOAA20_NRT,,
22.57981,75.41228,335.77,0.39,0.36,2026-09-22,820,N20,VIIRS,n,2.0NRT,304.26,2.61,D,VIIRS_NOAA20_NRT,,
22.6099,85.91265,304.84,0.39,0.36,2026-09-22,1951,N21,VIIRS,n,2.0NRT,282.82,0.99,N,VIIRS_NOAA21_NRT,,
22.73458,75.26518,336.91,0.39,0.36,2026-09-22,820,N20,VIIRS,n,2.0NRT,304.3,5.2,D,VIIRS_NOAA20_NRT,,
22.78762,86.20168,300.24,0.57,0.43,2026-09-22,2027,N,VIIRS,n,2.0NRT,280.39,1.17,N,VIIRS_SNPP_NRT,,
22.78999,86.21065,298.92,0.39,0.36,2026-09-22,1951,N21,VIIRS,n,2.0NRT,278.94,1.34,N,VIIRS_NOAA21_NRT,,
22.80283,86.09015,304.68,0.47,0.64,2026-09-22,2046,N20,VIIRS,n,2.0NRT,275.74,2.95,N,VIIRS_NOAA20_NRT,,
22.84245,75.37941,330.15,0.39,0.37,2026-09-22,820,N20,VIIRS,n,2.0NRT,299.58,2.23,D,VIIRS_NOAA20_NRT,,
22.86431,76.12888,335.44,0.41,0.37,2026-09-22,820,N20,VIIRS,n,2.0NRT,301.94,2.99,D,VIIRS_NOAA20_NRT,,
22.87195,88.21349,298.5,0.39,0.36,2026-09-22,1951,N21,VIIRS,n,2.0NRT,275.21,0.25,N,VIIRS_NOAA21_NRT,,
22.93286,69.69775,314.02,0.54,0.42,2026-09-22,2049,N20,VIIRS,n,2.0NRT,296.08,1.61,N,VIIRS_NOAA20_NRT,,
22.94288,75.72162,339.25,0.4,0.37,2026-09-22,820,N20,VIIRS,n,2.0NRT,306.6,3.47,D,VIIRS_NOAA20_NRT,,
22.95232,75.78792,335.98,0.4,0.37,2026-09-22,820,N20,VIIRS,n,2.0NRT,305.34,3.2,D,VIIRS_NOAA20_NRT,,
23.09834,75.7123,334.19,0.4,0.37,2026-09-22,820,N20,VIIRS,n,2.0NRT,305.25,1.87,D,VIIRS_NOAA20_NRT,,
23.1648,82.34029,330.31,0.4,0.37,2026-09-22,801,N,VIIRS,n,2.0NRT,292.31,3.28,D,VIIRS_SNPP_NRT,,
23.19924,69.42709,338.94,0.43,0.62,2026-09-22,801,N,VIIRS,n,2.0NRT,298.54,5.34,D,VIIRS_SNPP_NRT,,
23.28314,72.4164,310.22,0.42,0.37,2026-09-22,2049,N20,VIIRS,n,2.0NRT,294.77,0.81,N,VIIRS_NOAA20_NRT,,
23.35689,75.066,345.01,0.39,0.36,2026-09-22,820,N20,VIIRS,n,2.0NRT,302.87,3.49,D,VIIRS_NOAA20_NRT,,
23.51768,87.27235,299.68,0.42,0.45,2026-09-22,2027,N,VIIRS,n,2.0NRT,279.55,0.76,N,VIIRS_SNPP_NRT,,
23.55834,87.23939,302.46,0.38,0.36,2026-09-22,1949,N21,VIIRS,n,2.0NRT,273.5,0.64,N,VIIRS_NOAA21_NRT,,
23.5595,87.23194,299.2,0.38,0.36,2026-09-22,1949,N21,VIIRS,n,2.0NRT,271.41,0.42,N,VIIRS_NOAA21_NRT,,
23.57985,86.72489,304.87,0.39,0.36,2026-09-22,1949,N21,VIIRS,n,2.0NRT,286.68,1.2,N,VIIRS_NOAA21_NRT,,
23.6628,87.15627,307.88,0.41,0.45,2026-09-22,2027,N,VIIRS,n,2.0NRT,279.35,1.38,N,VIIRS_SNPP_NRT,,
23.6636,87.15228,301.85,0.41,0.45,2026-09-22,2027,N,VIIRS,n,2.0NRT,278.98,1.14,N,VIIRS_SNPP_NRT,,
23.6661,87.1612,301.87,0.41,0.45,2026-09-22,2027,N,VIIRS,n,2.0NRT,279.11,1.38,N,VIIRS_SNPP_NRT,,
23.66947,86.93382,305.5,0.51,0.66,2026-09-22,2046,N20,VIIRS,n,2.0NRT,273.98,1.58,N,VIIRS_NOAA20_NRT,,
23.66947,86.93599,302.5,0.4,0.44,2026-09-22,2027,N,VIIRS,n,2.0NRT,280.48,0.82,N,VIIRS_SNPP_NRT,,
23.6734,86.3968,305.94,0.39,0.36,2026-09-22,1949,N21,VIIRS,n,2.0NRT,287.92,1.47,N,VIIRS_NOAA21_NRT,,
23.67615,86.40119,319.77,0.39,0.36,2026-09-22,1949,N21,VIIRS,n,2.0NRT,288.85,1.88,N,VIIRS_NOAA21_NRT,,
23.67728,86.3936,303.64,0.39,0.36,2026-09-22,1949,N21,VIIRS,n,2.0NRT,286.35,1.52,N,VIIRS_NOAA21_NRT,,
23.68918,87.09769,305.62,0.38,0.36,2026-09-22,1949,N21,VIIRS,n,2.0NRT,285.82,1.7,N,VIIRS_NOAA21_NRT,,
23.6923,87.12128,304.25,0.38,0.36,2026-09-22,1949,N21,VIIRS,n,2.0NRT,284.17,1.62,N,VIIRS_NOAA21_NRT,,
23.69633,87.09515,307.77,0.38,0.36,2026-09-22,1949,N21,VIIRS,n,2.0NRT,285.53,1.71,N,VIIRS_NOAA21_NRT,,
23.71214,86.45081,339.44,0.38,0.36,2026-09-22,724,N21,VIIRS,n,2.0NRT,300.58,7.86,D,VIIRS_NOAA21_NRT,,
23.71365,86.4227,307.96,0.39,0.36,2026-09-22,1949,N21,VIIRS,n,2.0NRT,286.71,1.38,N,VIIRS_NOAA21_NRT,,
23.7164,86.42707,307.24,0.39,0.36,2026-09-22,1949,N21,VIIRS,n,2.0NRT,287.26,1.84,N,VIIRS_NOAA21_NRT,,
23.71745,86.44283,311.39,0.39,0.36,2026-09-22,1949,N21,VIIRS,n,2.0NRT,287.5,2.32,N,VIIRS_NOAA21_NRT,,
23.71752,86.41949,311.62,0.39,0.36,2026-09-22,1949,N21,VIIRS,n,2.0NRT,286.6,1.38,N,VIIRS_NOAA21_NRT,,
23.73671,86.43484,345.15,0.38,0.36,2026-09-22,724,N21,VIIRS,n,2.0NRT,298.26,7.89,D,VIIRS_NOAA21_NRT,,
23.75085,86.41693,330.31,0.38,0.36,2026-09-22,724,N21,VIIRS,n,2.0NRT,295.28,2.19,D,VIIRS_NOAA21_NRT,,
23.75529,85.85334,333.41,0.39,0.36,2026-09-22,724,N21,VIIRS,n,2.0NRT,296.59,7.58,D,VIIRS_NOAA21_NRT,,
23.75961,86.40238,,1.4,1.17,2026-09-22,323,Terra,MODIS,72,6.1NRT,,14.61,D,MODIS_NRT,317.78,294.93
23.77296,86.36301,333.38,0.38,0.36,2026-09-22,724,N21,VIIRS,n,2.0NRT,297.84,4.79,D,VIIRS_NOAA21_NRT,,
23.78018,86.21159,341.77,0.41,0.45,2026-09-22,801,N,VIIRS,n,2.0NRT,295.28,6.74,D,VIIRS_SNPP_NRT,,
23.79894,86.35034,334.85,0.38,0.36,2026-09-22,724,N21,VIIRS,n,2.0NRT,297.08,3.57,D,VIIRS_NOAA21_NRT,,
23.80288,86.32141,,1.39,1.17,2026-09-22,323,Terra,MODIS,54,6.1NRT,,11.68,D,MODIS_NRT,316.19,295.15
23.80337,86.32916,,1.39,1.17,2026-09-22,323,Terra,MODIS,71,6.1NRT,,16.08,D,MODIS_NRT,319.56,295.36
23.80592,86.32986,334.33,0.38,0.36,2026-09-22,724,N21,VIIRS,n,2.0NRT,300.51,4.79,D,VIIRS_NOAA21_NRT,,
24.11636,86.85889,299.53,0.39,0.44,2026-09-22,2027,N,VIIRS,n,2.0NRT,270.6,0.8,N,VIIRS_SNPP_NRT,,
24.18069,82.64651,297.66,0.39,0.36,2026-09-22,2027,N,VIIRS,n,2.0NRT,276.61,0.63,N,VIIRS_SNPP_NRT,,
24.18252,82.65929,300.67,0.54,0.42,2026-09-22,1949,N21,VIIRS,n,2.0NRT,279.42,0.88,N,VIIRS_NOAA21_NRT,,
24.19914,82.7155,302.42,0.54,0.42,2026-09-22,1949,N21,VIIRS,n,2.0NRT,281.89,1.54,N,VIIRS_NOAA21_NRT,,
24.2037,82.71055,305.01,0.54,0.42,2026-09-22,1949,N21,VIIRS,n,2.0NRT,281.24,1.54,N,VIIRS_NOAA21_NRT,,
24.32484,81.32861,299.63,0.43,0.46,2026-09-22,1949,N21,VIIRS,n,2.0NRT,273.62,0.71,N,VIIRS_NOAA21_NRT,,
24.66031,74.63074,305.94,0.47,0.48,2026-09-22,2027,N,VIIRS,n,2.0NRT,295.88,2.32,N,VIIRS_SNPP_NRT,,
24.69213,73.00185,306.82,0.41,0.37,2026-09-22,2049,N20,VIIRS,n,2.0NRT,294.02,1.45,N,VIIRS_NOAA20_NRT,,
24.71566,74.67107,304.34,0.38,0.36,2026-09-22,2049,N20,VIIRS,n,2.0NRT,293.48,0.67,N,VIIRS_NOAA20_NRT,,
24.7647,74.60931,311.15,0.48,0.48,2026-09-22,2027,N,VIIRS,n,2.0NRT,296.9,2.7,N,VIIRS_SNPP_NRT,,
24.82199,73.09334,309.38,0.41,0.37,2026-09-22,2049,N20,VIIRS,n,2.0NRT,290.54,1.28,N,VIIRS_NOAA20_NRT,,
24.92245,84.15629,300.16,0.47,0.39,2026-09-22,1949,N21,VIIRS,n,2.0NRT,273.92,0.56,N,VIIRS_NOAA21_NRT,,
24.93087,84.14824,298.1,0.47,0.4,2026-09-22,1949,N21,VIIRS,n,2.0NRT,273.2,1.06,N,VIIRS_NOAA21_NRT,,
24.93251,74.63224,306.99,0.39,0.36,2026-09-22,2046,N20,VIIRS,n,2.0NRT,296.08,0.89,N,VIIRS_NOAA20_NRT,,
24.9358,74.63286,307.96,0.39,0.36,2026-09-22,2046,N20,VIIRS,n,2.0NRT,296.52,0.89,N,VIIRS_NOAA20_NRT,,
25.60174,81.36993,334.0,0.4,0.37,2026-09-22,801,N,VIIRS,n,2.0NRT,296.12,2.8,D,VIIRS_SNPP_NRT,,
25.84099,81.26147,336.27,0.54,0.51,2026-09-22,820,N20,VIIRS,n,2.0NRT,293.04,4.71,D,VIIRS_NOAA20_NRT,,
25.9437,72.19227,309.83,0.45,0.39,2026-09-22,2046,N20,VIIRS,n,2.0NRT,299.75,1.54,N,VIIRS_NOAA20_NRT,,
26.25987,74.09547,309.9,0.44,0.62,2026-09-22,2131,N21,VIIRS,n,2.0NRT,297.42,2.19,N,VIIRS_NOAA21_NRT,,
26.42396,88.79596,333.77,0.44,0.38,2026-09-22,724,N21,VIIRS,n,2.0NRT,296.16,4.1,D,VIIRS_NOAA21_NRT,,
26.42662,80.35898,344.56,0.39,0.36,2026-09-22,801,N,VIIRS,n,2.0NRT,299.96,3.8,D,VIIRS_SNPP_NRT,,
26.53267,77.72529,333.73,0.52,0.41,2026-09-22,820,N20,VIIRS,n,2.0NRT,298.89,2.51,D,VIIRS_NOAA20_NRT,,
26.6393,79.47697,319.5,0.6,0.53,2026-09-22,1949,N21,VIIRS,n,2.0NRT,290.34,5.18,N,VIIRS_NOAA21_NRT,,
26.70207,77.84737,307.85,0.38,0.59,2026-09-22,1949,N21,VIIRS,n,2.0NRT,296.17,1.46,N,VIIRS_NOAA21_NRT,,
26.76155,83.19833,305.18,0.55,0.42,2026-09-22,1949,N21,VIIRS,n,2.0NRT,284.35,1.86,N,VIIRS_NOAA21_NRT,,
26.87814,73.51534,306.43,0.39,0.6,2026-09-22,2131,N21,VIIRS,n,2.0NRT,295.76,1.8,N,VIIRS_NOAA21_NRT,,
26.87829,73.51489,314.04,0.41,0.37,2026-09-22,2046,N20,VIIRS,n,2.0NRT,297.31,2.14,N,VIIRS_NOAA20_NRT,,
26.9268,73.46874,308.97,0.41,0.37,2026-09-22,2046,N20,VIIRS,n,2.0NRT,296.74,1.64,N,VIIRS_NOAA20_NRT,,
27.11756,81.2395,349.55,0.4,0.37,2026-09-22,803,N,VIIRS,n,2.0NRT,299.07,9.22,D,VIIRS_SNPP_NRT,,
27.28969,73.83908,313.89,0.4,0.37,2026-09-22,2046,N20,VIIRS,n,2.0NRT,298.58,1.37,N,VIIRS_NOAA20_NRT,,
27.58669,77.46663,339.9,0.41,0.37,2026-09-22,803,N,VIIRS,n,2.0NRT,301.39,4.5,D,VIIRS_SNPP_NRT,,
27.66992,76.12906,315.22,0.38,0.36,2026-09-22,2046,N20,VIIRS,n,2.0NRT,299.31,2.41,N,VIIRS_NOAA20_NRT,,
27.81773,77.43873,330.94,0.52,0.41,2026-09-22,820,N20,VIIRS,n,2.0NRT,298.1,2.07,D,VIIRS_NOAA20_NRT,,
27.98707,77.80803,336.38,0.4,0.37,2026-09-22,803,N,VIIRS,n,2.0NRT,303.35,2.81,D,VIIRS_SNPP_NRT,,
28.04023,74.92174,344.45,0.5,0.41,2026-09-22,803,N,VIIRS,n,2.0NRT,313.21,5.98,D,VIIRS_SNPP_NRT,,
28.08182,77.72206,339.87,0.4,0.37,2026-09-22,803,N,VIIRS,n,2.0NRT,300.47,4.38,D,VIIRS_SNPP_NRT,,
28.10137,77.60917,333.83,0.4,0.37,2026-09-22,803,N,VIIRS,n,2.0NRT,301.8,2.59,D,VIIRS_SNPP_NRT,,
28.1074,77.62468,334.0,0.4,0.37,2026-09-22,803,N,VIIRS,n,2.0NRT,302.67,4.15,D,VIIRS_SNPP_NRT,,
28.34573,77.25457,307.19,0.56,0.43,2026-09-22,2025,N,VIIRS,n,2.0NRT,296.66,1.32,N,VIIRS_SNPP_NRT,,
28.34636,77.25795,306.69,0.43,0.62,2026-09-22,1949,N21,VIIRS,n,2.0NRT,296.04,1.12,N,VIIRS_NOAA21_NRT,,
28.3483,77.23143,307.66,0.44,0.62,2026-09-22,1949,N21,VIIRS,n,2.0NRT,295.95,0.93,N,VIIRS_NOAA21_NRT,,
28.36004,78.75585,330.25,0.39,0.36,2026-09-22,803,N,VIIRS,n,2.0NRT,298.61,2.71,D,VIIRS_SNPP_NRT,,
28.63658,78.55211,338.31,0.39,0.36,2026-09-22,803,N,VIIRS,n,2.0NRT,298.65,4.28,D,VIIRS_SNPP_NRT,,
28.64143,80.14547,332.49,0.39,0.36,2026-09-22,803,N,VIIRS,n,2.0NRT,298.66,2.43,D,VIIRS_SNPP_NRT,,
28.65042,77.56196,308.4,0.4,0.37,2026-09-22,2046,N20,VIIRS,n,2.0NRT,296.52,0.72,N,VIIRS_NOAA20_NRT,,
28.65632,77.58835,306.26,0.4,0.37,2026-09-22,2046,N20,VIIRS,n,2.0NRT,296.09,0.64,N,VIIRS_NOAA20_NRT,,
28.70898,76.85708,313.48,0.46,0.64,2026-09-22,1949,N21,VIIRS,n,2.0NRT,295.71,1.75,N,VIIRS_NOAA21_NRT,,
28.74297,76.92613,306.72,0.39,0.36,2026-09-22,2046,N20,VIIRS,n,2.0NRT,295.94,0.98,N,VIIRS_NOAA20_NRT,,
28.77172,76.69999,327.55,0.47,0.64,2026-09-22,1949,N21,VIIRS,n,2.0NRT,295.74,3.09,N,VIIRS_NOAA21_NRT,,
28.77274,77.56689,320.87,0.4,0.37,2026-09-22,2046,N20,VIIRS,n,2.0NRT,296.36,1.88,N,VIIRS_NOAA20_NRT,,
28.77862,76.94997,310.9,0.46,0.63,2026-09-22,1949,N21,VIIRS,n,2.0NRT,294.99,1.88,N,VIIRS_NOAA21_NRT,,
28.78234,76.94443,305.6,0.39,0.44,2026-09-22,2025,N,VIIRS,n,2.0NRT,295.45,0.47,N,VIIRS_SNPP_NRT,,
28.8086,76.8382,307.61,0.39,0.36,2026-09-22,2046,N20,VIIRS,n,2.0NRT,296.15,1.01,N,VIIRS_NOAA20_NRT,,
28.85291,77.14941,307.86,0.39,0.36,2026-09-22,2046,N20,VIIRS,n,2.0NRT,296.35,0.61,N,VIIRS_NOAA20_NRT,,
29.25152,75.70355,346.86,0.45,0.39,2026-09-22,803,N,VIIRS,n,2.0NRT,305.15,7.0,D,VIIRS_SNPP_NRT,,
30.22848,76.19668,340.79,0.42,0.38,2026-09-22,803,N,VIIRS,n,2.0NRT,305.92,28.31,D,VIIRS_SNPP_NRT,,
30.23521,76.06618,334.08,0.58,0.52,2026-09-22,726,N21,VIIRS,n,2.0NRT,298.82,5.23,D,VIIRS_NOAA21_NRT,,
30.60375,76.83249,332.38,0.4,0.37,2026-09-22,803,N,VIIRS,n,2.0NRT,304.75,2.63,D,VIIRS_SNPP_NRT,,
31.16594,76.26553,341.24,0.5,0.41,2026-09-22,822,N20,VIIRS,n,2.0NRT,304.75,5.78,D,VIIRS_NOAA20_NRT,,
31.25109,76.93018,302.94,0.38,0.36,2026-09-22,2046,N20,VIIRS,n,2.0NRT,290.28,0.56,N,VIIRS_NOAA20_NRT,,
31.25591,76.92395,299.84,0.49,0.65,2026-09-22,2129,N21,VIIRS,n,2.0NRT,289.26,1.26,N,VIIRS_NOAA21_NRT,,
31.52064,74.91309,330.99,0.44,0.38,2026-09-22,822,N20,VIIRS,n,2.0NRT,298.17,2.24,D,VIIRS_NOAA20_NRT,,
31.52943,75.14214,,1.04,1.02,2026-09-22,1015,Aqua,MODIS,69,6.1NRT,,9.76,D,MODIS_NRT,317.84,299.4
31.53741,74.82207,332.6,0.45,0.39,2026-09-22,803,N,VIIRS,n,2.0NRT,299.97,4.53,D,VIIRS_SNPP_NRT,,
31.64179,75.04122,346.35,0.45,0.39,2026-09-22,822,N20,VIIRS,n,2.0NRT,300.99,4.67,D,VIIRS_NOAA20_NRT,,
31.68173,75.16161,,1.03,1.02,2026-09-22,1015,Aqua,MODIS,73,6.1NRT,,9.2,D,MODIS_NRT,320.12,301.36
31.70098,75.16823,,1.03,1.02,2026-09-22,1015,Aqua,MODIS,67,6.1NRT,,10.02,D,MODIS_NRT,320.52,301.95
31.79421,74.94135,335.93,0.45,0.39,2026-09-22,803,N,VIIRS,n,2.0NRT,301.72,3.13,D,VIIRS_SNPP_NRT,,
31.84063,74.64835,333.51,0.46,0.39,2026-09-22,803,N,VIIRS,n,2.0NRT,299.96,3.58,D,VIIRS_SNPP_NRT,,
31.87299,74.67269,333.46,0.32,0.55,2026-09-22,726,N21,VIIRS,n,2.0NRT,296.52,2.59,D,VIIRS_NOAA21_NRT,,
31.87895,74.67175,338.32,0.32,0.55,2026-09-22,726,N21,VIIRS,n,2.0NRT,296.25,5.43,D,VIIRS_NOAA21_NRT,,
31.89183,74.68181,335.71,0.32,0.55,2026-09-22,726,N21,VIIRS,n,2.0NRT,296.24,2.61,D,VIIRS_NOAA21_NRT,,
31.90933,74.71143,329.77,0.32,0.55,2026-09-22,726,N21,VIIRS,n,2.0NRT,296.24,1.49,D,VIIRS_NOAA21_NRT,,
8.81421,77.98473,331.35,0.33,0.55,2026-09-23,839,N21,VIIRS,n,2.0NRT,296.21,1.76,D,VIIRS_NOAA21_NRT,,
8.83991,77.94456,367.0,0.33,0.55,2026-09-23,839,N21,VIIRS,h,2.0NRT,298.06,10.74,D,VIIRS_NOAA21_NRT,,
8.91941,78.07498,332.18,0.34,0.56,2026-09-23,839,N21,VIIRS,n,2.0NRT,294.55,4.29,D,VIIRS_NOAA21_NRT,,
8.91982,78.07803,367.0,0.34,0.56,2026-09-23,839,N21,VIIRS,h,2.0NRT,295.65,7.43,D,VIIRS_NOAA21_NRT,,
9.0476,78.19106,331.03,0.34,0.56,2026-09-23,839,N21,VIIRS,n,2.0NRT,288.67,1.45,D,VIIRS_NOAA21_NRT,,
9.27542,77.92335,309.83,0.41,0.37,2026-09-23,2032,N20,VIIRS,n,2.0NRT,291.78,1.01,N,VIIRS_NOAA20_NRT,,
10.25534,77.17133,304.24,0.39,0.36,2026-09-23,2032,N20,VIIRS,n,2.0NRT,287.25,0.43,N,VIIRS_NOAA20_NRT,,
10.6167,77.42141,303.17,0.39,0.36,2026-09-23,2032,N20,VIIRS,n,2.0NRT,285.49,0.43,N,VIIRS_NOAA20_NRT,,
11.81378,77.91667,295.38,0.4,0.44,2026-09-23,2012,N,VIIRS,n,2.0NRT,274.35,0.56,N,VIIRS_SNPP_NRT,,
11.81518,77.91682,316.54,0.4,0.37,2026-09-23,2032,N20,VIIRS,n,2.0NRT,284.17,1.17,N,VIIRS_NOAA20_NRT,,
18.69296,73.03981,298.27,0.39,0.44,2026-09-23,2029,N20,VIIRS,n,2.0NRT,271.78,0.81,N,VIIRS_NOAA20_NRT,,
18.86057,72.92706,310.13,0.4,0.44,2026-09-23,2029,N20,VIIRS,n,2.0NRT,285.32,2.01,N,VIIRS_NOAA20_NRT,,
19.96283,79.33596,332.47,0.38,0.36,2026-09-23,801,N20,VIIRS,n,2.0NRT,284.71,2.12,D,VIIRS_NOAA20_NRT,,
20.90861,71.4605,308.25,0.39,0.44,2026-09-23,2114,N21,VIIRS,n,2.0NRT,293.22,2.22,N,VIIRS_NOAA21_NRT,,
21.10316,72.63433,339.89,0.47,0.48,2026-09-23,758,N20,VIIRS,n,2.0NRT,297.53,8.46,D,VIIRS_NOAA20_NRT,,
21.10402,72.63878,341.32,0.47,0.48,2026-09-23,758,N20,VIIRS,n,2.0NRT,296.57,11.77,D,VIIRS_NOAA20_NRT,,
21.10433,72.64516,349.35,0.46,0.47,2026-09-23,2114,N21,VIIRS,n,2.0NRT,297.07,13.4,N,VIIRS_NOAA21_NRT,,
21.10516,72.63345,339.39,0.44,0.46,2026-09-23,2029,N20,VIIRS,n,2.0NRT,296.5,2.72,N,VIIRS_NOAA20_NRT,,
21.10767,72.64611,367.0,0.53,0.67,2026-09-23,922,N,VIIRS,h,2.0NRT,292.69,12.9,D,VIIRS_SNPP_NRT,,
21.1084,72.64253,339.67,0.44,0.46,2026-09-23,2029,N20,VIIRS,n,2.0NRT,296.11,7.86,N,VIIRS_NOAA20_NRT,,
21.6728,84.04043,329.34,0.4,0.37,2026-09-23,739,N,VIIRS,n,2.0NRT,291.65,3.89,D,VIIRS_SNPP_NRT,,
21.67955,84.03915,334.13,0.4,0.37,2026-09-23,739,N,VIIRS,n,2.0NRT,294.64,4.78,D,VIIRS_SNPP_NRT,,
21.74591,83.84197,337.45,0.54,0.42,2026-09-23,758,N20,VIIRS,n,2.0NRT,290.95,7.04,D,VIIRS_NOAA20_NRT,,
21.7543,83.84614,329.5,0.54,0.42,2026-09-23,758,N20,VIIRS,n,2.0NRT,289.79,3.22,D,VIIRS_NOAA20_NRT,,
21.76,84.02171,338.19,0.55,0.43,2026-09-23,758,N20,VIIRS,n,2.0NRT,292.74,11.6,D,VIIRS_NOAA20_NRT,,
21.76612,84.02019,305.06,0.54,0.51,2026-09-23,1932,N21,VIIRS,n,2.0NRT,282.18,4.09,N,VIIRS_NOAA21_NRT,,
21.87668,83.49562,297.98,0.41,0.37,2026-09-23,2010,N,VIIRS,n,2.0NRT,273.76,0.46,N,VIIRS_SNPP_NRT,,
21.89955,76.94043,,1.6,1.25,2026-09-23,402,Terra,MODIS,54,6.1NRT,,7.57,D,MODIS_NRT,309.01,292.11
21.92245,83.35098,330.61,0.42,0.38,2026-09-23,2010,N,VIIRS,n,2.0NRT,280.36,3.7,N,VIIRS_SNPP_NRT,,
21.96508,83.77345,304.67,0.41,0.37,2026-09-23,2010,N,VIIRS,n,2.0NRT,283.88,0.89,N,VIIRS_SNPP_NRT,,
21.98416,83.23089,306.52,0.42,0.38,2026-09-23,2010,N,VIIRS,n,2.0NRT,283.37,1.42,N,VIIRS_SNPP_NRT,,
22.01605,83.75665,304.13,0.41,0.37,2026-09-23,2010,N,VIIRS,n,2.0NRT,284.08,0.7,N,VIIRS_SNPP_NRT,,
22.01663,83.75273,307.91,0.41,0.37,2026-09-23,2010,N,VIIRS,n,2.0NRT,283.73,0.7,N,VIIRS_SNPP_NRT,,
22.03116,83.36672,295.29,0.6,0.53,2026-09-23,1932,N21,VIIRS,n,2.0NRT,271.59,1.45,N,VIIRS_NOAA21_NRT,,
22.03982,76.99017,,1.6,1.25,2026-09-23,402,Terra,MODIS,55,6.1NRT,,7.83,D,MODIS_NRT,309.33,292.93
22.04193,83.73155,332.56,0.53,0.42,2026-09-23,758,N20,VIIRS,n,2.0NRT,287.68,7.42,D,VIIRS_NOAA20_NRT,,
22.06565,83.70436,305.23,0.41,0.37,2026-09-23,2010,N,VIIRS,n,2.0NRT,275.49,1.05,N,VIIRS_SNPP_NRT,,
22.26427,75.13342,303.88,0.41,0.61,2026-09-23,2010,N,VIIRS,n,2.0NRT,288.89,0.98,N,VIIRS_SNPP_NRT,,
22.26721,75.13126,306.53,0.41,0.61,2026-09-23,2010,N,VIIRS,n,2.0NRT,291.19,0.68,N,VIIRS_SNPP_NRT,,
22.31483,69.8546,304.84,0.34,0.56,2026-09-23,2027,N20,VIIRS,n,2.0NRT,294.71,0.33,N,VIIRS_NOAA20_NRT,,
22.36418,73.11755,344.55,0.47,0.48,2026-09-23,2114,N21,VIIRS,n,2.0NRT,296.51,8.91,N,VIIRS_NOAA21_NRT,,
22.36667,73.11252,312.7,0.43,0.46,2026-09-23,2027,N20,VIIRS,n,2.0NRT,297.21,2.22,N,VIIRS_NOAA20_NRT,,
22.36764,73.12083,317.95,0.55,0.68,2026-09-23,2150,N,VIIRS,n,2.0NRT,292.8,2.3,N,VIIRS_SNPP_NRT,,
22.417,69.04057,338.06,0.43,0.38,2026-09-23,845,N21,VIIRS,n,2.0NRT,307.13,3.86,D,VIIRS_NOAA21_NRT,,
22.5447,75.89993,333.42,0.45,0.39,2026-09-23,758,N20,VIIRS,n,2.0NRT,302.96,2.94,D,VIIRS_NOAA20_NRT,,
22.61763,75.45729,335.56,0.34,0.56,2026-09-23,843,N21,VIIRS,n,2.0NRT,299.64,2.67,D,VIIRS_NOAA21_NRT,,
22.6736,75.88835,332.58,0.45,0.39,2026-09-23,758,N20,VIIRS,n,2.0NRT,303.36,2.16,D,VIIRS_NOAA20_NRT,,
22.73318,75.29805,332.79,0.47,0.4,2026-09-23,758,N20,VIIRS,n,2.0NRT,302.95,1.78,D,VIIRS_NOAA20_NRT,,
22.87031,75.41198,336.57,0.47,0.39,2026-09-23,758,N20,VIIRS,n,2.0NRT,305.75,2.34,D,VIIRS_NOAA20_NRT,,
22.91474,69.46352,,1.0,1.0,2026-09-23,1049,Aqua,MODIS,58,6.1NRT,,7.09,D,MODIS_NRT,318.9,304.64
22.92669,69.82512,308.41,0.34,0.56,2026-09-23,2150,N,VIIRS,n,2.0NRT,297.32,0.8,N,VIIRS_SNPP_NRT,,
22.93182,69.70041,308.82,0.45,0.39,2026-09-23,2114,N21,VIIRS,n,2.0NRT,298.45,1.52,N,VIIRS_NOAA21_NRT,,
22.93655,69.69582,307.62,0.36,0.57,2026-09-23,2027,N20,VIIRS,n,2.0NRT,296.8,0.87,N,VIIRS_NOAA20_NRT,,
22.96249,75.97882,332.73,0.44,0.38,2026-09-23,758,N20,VIIRS,n,2.0NRT,303.76,1.64,D,VIIRS_NOAA20_NRT,,
22.97701,75.7805,336.94,0.36,0.57,2026-09-23,845,N21,VIIRS,n,2.0NRT,302.66,3.31,D,VIIRS_NOAA21_NRT,,
23.17384,69.86118,,1.16,1.07,2026-09-23,402,Terra,MODIS,60,6.1NRT,,7.9,D,MODIS_NRT,315.81,302.18
23.25508,70.26201,330.16,0.47,0.4,2026-09-23,2114,N21,VIIRS,n,2.0NRT,298.35,3.13,N,VIIRS_NOAA21_NRT,,
23.28215,76.15114,334.62,0.43,0.38,2026-09-23,758,N20,VIIRS,n,2.0NRT,304.87,1.53,D,VIIRS_NOAA20_NRT,,
23.30098,70.47238,308.39,0.32,0.55,2026-09-23,2027,N20,VIIRS,n,2.0NRT,296.44,0.48,N,VIIRS_NOAA20_NRT,,
23.33205,69.15276,331.8,0.34,0.56,2026-09-23,922,N,VIIRS,n,2.0NRT,301.84,0.91,D,VIIRS_SNPP_NRT,,
23.49771,68.57907,315.33,0.41,0.37,2026-09-23,2114,N21,VIIRS,n,2.0NRT,300.41,1.54,N,VIIRS_NOAA21_NRT,,
23.51054,72.41356,307.45,0.47,0.64,2026-09-23,2150,N,VIIRS,n,2.0NRT,291.93,0.7,N,VIIRS_SNPP_NRT,,
24.01024,71.30527,341.76,0.39,0.44,2026-09-23,845,N21,VIIRS,n,2.0NRT,306.38,4.45,D,VIIRS_NOAA21_NRT,,
24.21687,72.29862,348.44,0.45,0.47,2026-09-23,845,N21,VIIRS,n,2.0NRT,308.0,34.08,D,VIIRS_NOAA21_NRT,,
24.65983,74.63229,309.89,0.52,0.5,2026-09-23,2112,N21,VIIRS,n,2.0NRT,296.38,2.04,N,VIIRS_NOAA21_NRT,,
24.69162,73.00175,307.71,0.42,0.45,2026-09-23,2112,N21,VIIRS,n,2.0NRT,296.87,1.7,N,VIIRS_NOAA21_NRT,,
24.76546,74.60892,308.73,0.56,0.43,2026-09-23,2027,N20,VIIRS,n,2.0NRT,296.15,2.38,N,VIIRS_NOAA20_NRT,,
24.81977,73.09304,308.27,0.49,0.65,2026-09-23,2150,N,VIIRS,n,2.0NRT,294.42,1.77,N,VIIRS_SNPP_NRT,,
24.9317,74.63189,305.52,0.52,0.5,2026-09-23,2112,N21,VIIRS,n,2.0NRT,295.07,1.49,N,VIIRS_NOAA21_NRT,,
25.28458,74.79762,331.29,0.33,0.55,2026-09-23,845,N21,VIIRS,n,2.0NRT,299.15,1.93,D,VIIRS_NOAA21_NRT,,
25.56269,74.7977,354.14,0.33,0.56,2026-09-23,845,N21,VIIRS,n,2.0NRT,304.34,4.89,D,VIIRS_NOAA21_NRT,,
26.25531,74.0969,307.94,0.45,0.47,2026-09-23,2112,N21,VIIRS,n,2.0NRT,296.7,1.72,N,VIIRS_NOAA21_NRT,,
26.3876,76.48326,306.45,0.63,0.54,2026-09-23,2112,N21,VIIRS,n,2.0NRT,296.25,1.3,N,VIIRS_NOAA21_NRT,,
26.53399,77.68007,335.77,0.38,0.36,2026-09-23,801,N20,VIIRS,n,2.0NRT,301.7,2.72,D,VIIRS_NOAA20_NRT,,
26.60048,72.62276,314.13,0.52,0.5,2026-09-23,2027,N20,VIIRS,n,2.0NRT,297.12,1.5,N,VIIRS_NOAA20_NRT,,
26.60619,73.68221,308.11,0.45,0.47,2026-09-23,2027,N20,VIIRS,n,2.0NRT,297.92,1.58,N,VIIRS_NOAA20_NRT,,
26.6337,72.26392,345.23,0.39,0.44,2026-09-23,801,N20,VIIRS,n,2.0NRT,315.0,7.22,D,VIIRS_NOAA20_NRT,,
26.63767,72.26295,345.85,0.39,0.44,2026-09-23,801,N20,VIIRS,n,2.0NRT,315.78,9.69,D,VIIRS_NOAA20_NRT,,
26.63978,79.47709,303.35,0.6,0.71,2026-09-23,1932,N21,VIIRS,n,2.0NRT,285.52,1.61,N,VIIRS_NOAA21_NRT,,
26.87499,73.51781,307.78,0.41,0.45,2026-09-23,2112,N21,VIIRS,n,2.0NRT,297.62,1.48,N,VIIRS_NOAA21_NRT,,
26.8758,73.51379,309.18,0.41,0.45,2026-09-23,2112,N21,VIIRS,n,2.0NRT,297.41,1.48,N,VIIRS_NOAA21_NRT,,
26.87691,73.5162,307.21,0.46,0.64,2026-09-23,2148,N,VIIRS,n,2.0NRT,295.05,2.3,N,VIIRS_SNPP_NRT,,
26.92724,73.46787,308.68,0.41,0.45,2026-09-23,2112,N21,VIIRS,n,2.0NRT,297.41,2.44,N,VIIRS_NOAA21_NRT,,
27.24188,70.47696,357.8,0.45,0.63,2026-09-23,922,N,VIIRS,n,2.0NRT,314.24,5.37,D,VIIRS_SNPP_NRT,,
27.28836,73.83954,308.93,0.42,0.45,2026-09-23,2112,N21,VIIRS,n,2.0NRT,298.46,1.52,N,VIIRS_NOAA21_NRT,,
27.51308,78.42581,330.4,0.39,0.36,2026-09-23,801,N20,VIIRS,n,2.0NRT,301.49,2.87,D,VIIRS_NOAA20_NRT,,
27.51587,78.42472,330.97,0.4,0.44,2026-09-23,741,N,VIIRS,n,2.0NRT,299.51,1.66,D,VIIRS_SNPP_NRT,,
27.77869,77.67394,341.58,0.43,0.46,2026-09-23,741,N,VIIRS,n,2.0NRT,302.25,5.25,D,VIIRS_SNPP_NRT,,
28.0289,76.49574,313.7,0.49,0.4,2026-09-23,2027,N20,VIIRS,n,2.0NRT,296.13,1.84,N,VIIRS_NOAA20_NRT,,
28.03079,76.49374,318.41,0.49,0.4,2026-09-23,2027,N20,VIIRS,n,2.0NRT,296.42,1.62,N,VIIRS_NOAA20_NRT,,
28.0389,75.06685,343.65,0.42,0.38,2026-09-23,801,N20,VIIRS,n,2.0NRT,313.23,8.84,D,VIIRS_NOAA20_NRT,,
28.13097,77.62788,334.92,0.38,0.36,2026-09-23,801,N20,VIIRS,n,2.0NRT,303.73,4.83,D,VIIRS_NOAA20_NRT,,
28.17372,76.85616,305.54,0.37,0.58,2026-09-23,2008,N,VIIRS,n,2.0NRT,295.19,0.95,N,VIIRS_SNPP_NRT,,
28.20892,77.32211,309.78,0.35,0.57,2026-09-23,2008,N,VIIRS,n,2.0NRT,294.72,1.4,N,VIIRS_SNPP_NRT,,
28.27911,77.27263,308.81,0.46,0.39,2026-09-23,2027,N20,VIIRS,n,2.0NRT,296.48,1.56,N,VIIRS_NOAA20_NRT,,
28.34724,77.25582,307.81,0.46,0.39,2026-09-23,2027,N20,VIIRS,n,2.0NRT,296.98,1.43,N,VIIRS_NOAA20_NRT,,
28.37028,77.26236,310.49,0.46,0.39,2026-09-23,2027,N20,VIIRS,n,2.0NRT,297.14,1.66,N,VIIRS_NOAA20_NRT,,
28.39633,78.19869,332.71,0.39,0.36,2026-09-23,801,N20,VIIRS,n,2.0NRT,302.58,2.17,D,VIIRS_NOAA20_NRT,,
28.63872,78.51069,335.13,0.39,0.36,2026-09-23,801,N20,VIIRS,n,2.0NRT,302.64,2.28,D,VIIRS_NOAA20_NRT,,
28.64878,77.56,313.59,0.33,0.55,2026-09-23,2112,N21,VIIRS,n,2.0NRT,294.67,1.3,N,VIIRS_NOAA21_NRT,,
28.65901,77.58726,308.6,0.45,0.39,2026-09-23,2027,N20,VIIRS,n,2.0NRT,295.29,0.7,N,VIIRS_NOAA20_NRT,,
28.71257,76.83175,308.29,0.48,0.4,2026-09-23,2027,N20,VIIRS,n,2.0NRT,296.79,1.66,N,VIIRS_NOAA20_NRT,,
28.7444,76.92877,309.74,0.48,0.4,2026-09-23,2027,N20,VIIRS,n,2.0NRT,296.43,1.32,N,VIIRS_NOAA20_NRT,,
28.8934,78.85721,304.01,0.57,0.52,2026-09-23,2008,N,VIIRS,n,2.0NRT,293.6,0.75,N,VIIRS_SNPP_NRT,,
28.89342,78.85453,308.62,0.41,0.37,2026-09-23,2027,N20,VIIRS,n,2.0NRT,294.94,1.03,N,VIIRS_NOAA20_NRT,,
28.92355,79.84691,330.51,0.48,0.4,2026-09-23,741,N,VIIRS,n,2.0NRT,296.67,3.88,D,VIIRS_SNPP_NRT,,
29.12406,75.77972,309.24,0.5,0.49,2026-09-23,2112,N21,VIIRS,n,2.0NRT,297.07,2.21,N,VIIRS_NOAA21_NRT,,
29.13685,76.68494,330.54,0.46,0.47,2026-09-23,744,N,VIIRS,n,2.0NRT,302.62,2.46,D,VIIRS_SNPP_NRT,,
29.77915,74.83432,339.14,0.41,0.37,2026-09-23,801,N20,VIIRS,n,2.0NRT,305.63,2.45,D,VIIRS_NOAA20_NRT,,
29.78665,74.83701,339.06,0.41,0.37,2026-09-23,801,N20,VIIRS,n,2.0NRT,305.27,1.87,D,VIIRS_NOAA20_NRT,,
30.12758,74.46244,350.12,0.42,0.38,2026-09-23,801,N20,VIIRS,n,2.0NRT,305.79,11.09,D,VIIRS_NOAA20_NRT,,
30.25396,74.25399,338.16,0.43,0.38,2026-09-23,801,N20,VIIRS,n,2.0NRT,305.08,4.92,D,VIIRS_NOAA20_NRT,,
30.49965,75.93306,346.53,0.44,0.63,2026-09-23,848,N21,VIIRS,n,2.0NRT,297.92,12.66,D,VIIRS_NOAA21_NRT,,
30.50104,75.93659,336.25,0.44,0.63,2026-09-23,848,N21,VIIRS,n,2.0NRT,296.76,8.51,D,VIIRS_NOAA21_NRT,,
30.51824,77.20013,303.62,0.37,0.58,2026-09-23,2008,N,VIIRS,n,2.0NRT,291.76,0.55,N,VIIRS_SNPP_NRT,,
30.57632,76.99915,336.76,0.42,0.45,2026-09-23,744,N,VIIRS,n,2.0NRT,300.94,3.45,D,VIIRS_SNPP_NRT,,
30.89486,74.52944,338.76,0.37,0.58,2026-09-23,848,N21,VIIRS,n,2.0NRT,297.08,4.06,D,VIIRS_NOAA21_NRT,,
31.25913,76.92434,301.03,0.51,0.41,2026-09-23,2025,N20,VIIRS,n,2.0NRT,290.38,1.22,N,VIIRS_NOAA20_NRT,,
31.45688,74.87747,332.45,0.4,0.37,2026-09-23,801,N20,VIIRS,n,2.0NRT,299.69,3.83,D,VIIRS_NOAA20_NRT,,
31.48882,75.05522,311.48,0.41,0.45,2026-09-23,2110,N21,VIIRS,n,2.0NRT,294.42,2.03,N,VIIRS_NOAA21_NRT,,
31.48888,75.05453,320.27,0.42,0.46,2026-09-23,2025,N20,VIIRS,n,2.0NRT,294.66,1.95,N,VIIRS_NOAA20_NRT,,
31.68953,75.25529,345.18,0.39,0.36,2026-09-23,803,N20,VIIRS,n,2.0NRT,300.61,5.6,D,VIIRS_NOAA20_NRT,,
31.7521,74.68208,332.46,0.4,0.37,2026-09-23,803,N20,VIIRS,n,2.0NRT,299.76,1.82,D,VIIRS_NOAA20_NRT,,
31.8049,75.02044,336.74,0.4,0.37,2026-09-23,803,N20,VIIRS,n,2.0NRT,301.02,3.42,D,VIIRS_NOAA20_NRT,,
31.87357,74.69193,340.2,0.53,0.5,2026-09-23,744,N,VIIRS,n,2.0NRT,297.89,5.08,D,VIIRS_SNPP_NRT,,
9.84346,77.56191,336.01,0.48,0.4,2026-09-24,822,N21,VIIRS,n,2.0NRT,278.46,4.39,D,VIIRS_NOAA21_NRT,,
9.89183,77.87449,332.3,0.5,0.41,2026-09-24,822,N21,VIIRS,n,2.0NRT,289.23,2.21,D,VIIRS_NOAA21_NRT,,
11.55362,77.24593,308.43,0.51,0.41,2026-09-24,2014,N20,VIIRS,n,2.0NRT,271.48,1.51,N,VIIRS_NOAA20_NRT,,
14.46794,76.67125,335.09,0.49,0.4,2026-09-24,824,N21,VIIRS,n,2.0NRT,298.18,7.91,D,VIIRS_NOAA21_NRT,,
16.64768,74.30985,298.3,0.43,0.62,2026-09-24,2131,N,VIIRS,n,2.0NRT,285.59,0.62,N,VIIRS_SNPP_NRT,,
17.06264,76.97691,302.89,0.41,0.45,2026-09-24,2012,N20,VIIRS,n,2.0NRT,281.92,0.75,N,VIIRS_NOAA20_NRT,,
17.87985,75.16265,332.93,0.45,0.39,2026-09-24,824,N21,VIIRS,n,2.0NRT,298.84,4.79,D,VIIRS_NOAA21_NRT,,
18.53849,74.2337,295.36,0.33,0.55,2026-09-24,2012,N20,VIIRS,n,2.0NRT,268.45,0.43,N,VIIRS_NOAA20_NRT,,
18.68112,73.03539,315.74,0.44,0.38,2026-09-24,2055,N21,VIIRS,n,2.0NRT,296.17,2.56,N,VIIRS_NOAA21_NRT,,
18.68353,73.0293,308.32,0.33,0.55,2026-09-24,2131,N,VIIRS,n,2.0NRT,292.15,2.26,N,VIIRS_SNPP_NRT,,
18.68532,73.03194,317.96,0.44,0.38,2026-09-24,2055,N21,VIIRS,n,2.0NRT,295.89,2.56,N,VIIRS_NOAA21_NRT,,
18.68887,73.92072,311.38,0.37,0.58,2026-09-24,2131,N,VIIRS,n,2.0NRT,276.38,0.76,N,VIIRS_SNPP_NRT,,
18.69121,73.84142,309.11,0.37,0.58,2026-09-24,2131,N,VIIRS,n,2.0NRT,288.33,0.96,N,VIIRS_SNPP_NRT,,
18.69178,73.03799,,1.0,1.0,2026-09-24,1533,Terra,MODIS,67,6.1NRT,,4.89,N,MODIS_NRT,306.25,294.23
18.85483,72.92818,309.94,0.32,0.54,2026-09-24,2131,N,VIIRS,n,2.0NRT,291.55,1.68,N,VIIRS_SNPP_NRT,,
18.85897,72.92894,329.83,0.43,0.38,2026-09-24,2055,N21,VIIRS,n,2.0NRT,295.55,4.68,N,VIIRS_NOAA21_NRT,,
19.93739,73.71162,303.25,0.45,0.39,2026-09-24,2055,N21,VIIRS,n,2.0NRT,292.1,0.73,N,VIIRS_NOAA21_NRT,,
20.91007,71.45753,313.48,0.39,0.36,2026-09-24,2055,N21,VIIRS,n,2.0NRT,297.84,0.71,N,VIIRS_NOAA21_NRT,,
21.10195,72.63409,337.04,0.55,0.51,2026-09-24,2131,N,VIIRS,n,2.0NRT,295.58,8.93,N,VIIRS_SNPP_NRT,,
21.10322,72.63692,337.13,0.39,0.36,2026-09-24,826,N21,VIIRS,n,2.0NRT,296.52,26.55,D,VIIRS_NOAA21_NRT,,
21.10445,72.64579,344.67,0.55,0.51,2026-09-24,2131,N,VIIRS,n,2.0NRT,296.21,8.79,N,VIIRS_SNPP_NRT,,
21.10517,72.64117,326.59,0.45,0.63,2026-09-24,2010,N20,VIIRS,n,2.0NRT,292.64,6.44,N,VIIRS_NOAA20_NRT,,
21.10598,72.63249,353.9,0.45,0.63,2026-09-24,2010,N20,VIIRS,n,2.0NRT,293.02,5.36,N,VIIRS_NOAA20_NRT,,
21.10728,72.64566,344.76,0.52,0.5,2026-09-24,902,N,VIIRS,n,2.0NRT,278.27,10.58,D,VIIRS_SNPP_NRT,,
22.26526,75.13473,311.51,0.49,0.41,2026-09-24,2053,N21,VIIRS,n,2.0NRT,290.79,1.79,N,VIIRS_NOAA21_NRT,,
22.26537,75.13546,299.83,0.38,0.58,2026-09-24,2131,N,VIIRS,n,2.0NRT,276.47,0.46,N,VIIRS_SNPP_NRT,,
22.31353,69.85732,309.2,0.4,0.37,2026-09-24,2053,N21,VIIRS,n,2.0NRT,297.0,1.18,N,VIIRS_NOAA21_NRT,,
22.37461,72.47674,311.96,0.4,0.37,2026-09-24,2053,N21,VIIRS,n,2.0NRT,296.45,0.67,N,VIIRS_NOAA21_NRT,,
22.40045,69.02074,308.59,0.42,0.37,2026-09-24,2053,N21,VIIRS,n,2.0NRT,298.17,2.16,N,VIIRS_NOAA21_NRT,,
22.41631,69.03874,340.38,0.41,0.37,2026-09-24,826,N21,VIIRS,n,2.0NRT,307.34,4.85,D,VIIRS_NOAA21_NRT,,
22.63791,75.5967,301.81,0.51,0.41,2026-09-24,2053,N21,VIIRS,n,2.0NRT,288.49,0.6,N,VIIRS_NOAA21_NRT,,
22.78844,75.83994,301.54,0.53,0.42,2026-09-24,2053,N21,VIIRS,n,2.0NRT,284.08,0.83,N,VIIRS_NOAA21_NRT,,
22.9342,69.69633,320.12,0.43,0.62,2026-09-24,2150,N20,VIIRS,n,2.0NRT,296.4,2.37,N,VIIRS_NOAA20_NRT,,
23.10217,69.92092,345.77,0.57,0.43,2026-09-24,905,N,VIIRS,n,2.0NRT,308.57,6.1,D,VIIRS_SNPP_NRT,,
23.11121,75.7177,337.06,0.55,0.51,2026-09-24,741,N20,VIIRS,n,2.0NRT,302.47,3.16,D,VIIRS_NOAA20_NRT,,
23.15752,70.11012,353.69,0.5,0.66,2026-09-24,922,N20,VIIRS,n,2.0NRT,301.03,8.02,D,VIIRS_NOAA20_NRT,,
23.26666,70.25809,308.71,0.39,0.36,2026-09-24,2053,N21,VIIRS,n,2.0NRT,297.91,0.84,N,VIIRS_NOAA21_NRT,,
23.3141,70.48811,311.21,0.39,0.36,2026-09-24,2053,N21,VIIRS,n,2.0NRT,298.1,1.61,N,VIIRS_NOAA21_NRT,,
23.40779,72.41864,306.86,0.39,0.36,2026-09-24,2053,N21,VIIRS,n,2.0NRT,295.84,2.32,N,VIIRS_NOAA21_NRT,,
23.58516,72.11846,332.35,0.45,0.63,2026-09-24,741,N20,VIIRS,n,2.0NRT,298.06,2.66,D,VIIRS_NOAA20_NRT,,
23.83114,70.28083,340.51,0.39,0.36,2026-09-24,826,N21,VIIRS,n,2.0NRT,313.7,3.79,D,VIIRS_NOAA21_NRT,,
24.44929,71.40038,348.83,0.39,0.36,2026-09-24,826,N21,VIIRS,n,2.0NRT,318.2,5.89,D,VIIRS_NOAA21_NRT,,
24.66125,74.63567,305.73,0.63,0.54,2026-09-24,2129,N,VIIRS,n,2.0NRT,293.44,2.49,N,VIIRS_SNPP_NRT,,
24.66439,74.63258,305.09,0.36,0.58,2026-09-24,2010,N20,VIIRS,n,2.0NRT,294.22,1.44,N,VIIRS_NOAA20_NRT,,
24.69099,73.00126,308.12,0.39,0.36,2026-09-24,2053,N21,VIIRS,n,2.0NRT,297.26,2.07,N,VIIRS_NOAA21_NRT,,
24.76594,74.60468,309.21,0.37,0.58,2026-09-24,2010,N20,VIIRS,n,2.0NRT,293.31,1.1,N,VIIRS_NOAA20_NRT,,
24.81914,73.0939,307.86,0.4,0.37,2026-09-24,2053,N21,VIIRS,n,2.0NRT,297.78,1.35,N,VIIRS_NOAA21_NRT,,
24.93318,74.63246,305.64,0.62,0.54,2026-09-24,2129,N,VIIRS,n,2.0NRT,293.87,1.39,N,VIIRS_SNPP_NRT,,
26.25632,74.09438,311.66,0.41,0.37,2026-09-24,2055,N21,VIIRS,n,2.0NRT,299.02,1.58,N,VIIRS_NOAA21_NRT,,
26.2579,74.09552,306.96,0.54,0.51,2026-09-24,2129,N,VIIRS,n,2.0NRT,296.36,1.25,N,VIIRS_SNPP_NRT,,
26.78875,75.76647,355.4,0.56,0.69,2026-09-24,724,N,VIIRS,n,2.0NRT,297.73,7.12,D,VIIRS_SNPP_NRT,,
26.8735,73.51535,308.27,0.48,0.48,2026-09-24,2129,N,VIIRS,n,2.0NRT,297.2,1.63,N,VIIRS_SNPP_NRT,,
26.87706,73.51396,310.51,0.39,0.36,2026-09-24,2055,N21,VIIRS,n,2.0NRT,298.91,1.29,N,VIIRS_NOAA21_NRT,,
27.28735,73.83863,311.34,0.4,0.37,2026-09-24,2055,N21,VIIRS,n,2.0NRT,299.3,1.71,N,VIIRS_NOAA21_NRT,,
27.66577,76.1305,309.77,0.46,0.39,2026-09-24,2053,N21,VIIRS,n,2.0NRT,296.42,2.07,N,VIIRS_NOAA21_NRT,,
28.03802,77.61543,335.74,0.54,0.51,2026-09-24,828,N21,VIIRS,n,2.0NRT,298.87,2.84,D,VIIRS_NOAA21_NRT,,
28.11006,76.61163,308.15,0.48,0.4,2026-09-24,2053,N21,VIIRS,n,2.0NRT,295.6,1.67,N,VIIRS_NOAA21_NRT,,
28.32275,77.22102,308.07,0.51,0.41,2026-09-24,2053,N21,VIIRS,n,2.0NRT,294.2,1.25,N,VIIRS_NOAA21_NRT,,
28.34856,77.23132,307.67,0.55,0.51,2026-09-24,2008,N20,VIIRS,n,2.0NRT,294.1,0.87,N,VIIRS_NOAA20_NRT,,
28.56227,77.55989,301.04,0.38,0.59,2026-09-24,2129,N,VIIRS,n,2.0NRT,290.21,0.73,N,VIIRS_SNPP_NRT,,
28.5668,77.55826,301.95,0.38,0.59,2026-09-24,2129,N,VIIRS,n,2.0NRT,290.25,1.16,N,VIIRS_SNPP_NRT,,
28.56773,77.55437,302.28,0.38,0.59,2026-09-24,2129,N,VIIRS,n,2.0NRT,290.83,1.39,N,VIIRS_SNPP_NRT,,
28.64737,77.5583,311.26,0.52,0.42,2026-09-24,2053,N21,VIIRS,n,2.0NRT,293.72,1.03,N,VIIRS_NOAA21_NRT,,
28.67667,77.54909,304.13,0.52,0.42,2026-09-24,2053,N21,VIIRS,n,2.0NRT,293.87,0.7,N,VIIRS_NOAA21_NRT,,
28.71004,76.85292,304.97,0.59,0.53,2026-09-24,2008,N20,VIIRS,n,2.0NRT,294.45,2.17,N,VIIRS_NOAA20_NRT,,
28.72721,77.15845,307.25,0.5,0.41,2026-09-24,2053,N21,VIIRS,n,2.0NRT,295.65,1.66,N,VIIRS_NOAA21_NRT,,
28.95065,78.80548,300.9,0.56,0.69,2026-09-24,1947,N,VIIRS,n,2.0NRT,288.86,1.19,N,VIIRS_SNPP_NRT,,
29.09044,75.95024,341.24,0.41,0.45,2026-09-24,744,N20,VIIRS,n,2.0NRT,301.63,4.5,D,VIIRS_NOAA20_NRT,,
30.27989,76.27377,332.82,0.56,0.43,2026-09-24,744,N20,VIIRS,n,2.0NRT,298.72,5.97,D,VIIRS_NOAA20_NRT,,
30.37814,75.27622,330.01,0.42,0.45,2026-09-24,744,N20,VIIRS,n,2.0NRT,298.97,2.54,D,VIIRS_NOAA20_NRT,,
30.60769,76.81561,,1.69,1.28,2026-09-24,952,Aqua,MODIS,73,6.1NRT,,15.27,D,MODIS_NRT,317.19,300.73
30.96852,74.47905,344.81,0.38,0.43,2026-09-24,828,N21,VIIRS,n,2.0NRT,303.47,4.37,D,VIIRS_NOAA21_NRT,,
30.98238,74.5671,352.28,0.39,0.44,2026-09-24,828,N21,VIIRS,n,2.0NRT,300.61,21.27,D,VIIRS_NOAA21_NRT,,
31.11028,77.44234,340.21,0.48,0.4,2026-09-24,744,N20,VIIRS,n,2.0NRT,302.14,6.06,D,VIIRS_NOAA20_NRT,,
31.13174,74.65819,336.48,0.45,0.63,2026-09-24,907,N,VIIRS,n,2.0NRT,295.55,4.12,D,VIIRS_SNPP_NRT,,
31.25717,76.925,299.91,0.62,0.54,2026-09-24,2127,N,VIIRS,n,2.0NRT,288.57,1.42,N,VIIRS_SNPP_NRT,,
31.2576,76.92658,303.12,0.62,0.54,2026-09-24,2127,N,VIIRS,n,2.0NRT,289.33,1.14,N,VIIRS_SNPP_NRT,,
31.32788,76.89344,302.21,0.45,0.39,2026-09-24,2053,N21,VIIRS,n,2.0NRT,291.46,0.62,N,VIIRS_NOAA21_NRT,,
31.41108,75.06441,330.08,0.48,0.65,2026-09-24,907,N,VIIRS,n,2.0NRT,295.85,3.52,D,VIIRS_SNPP_NRT,,
31.41206,76.83312,302.77,0.45,0.39,2026-09-24,2053,N21,VIIRS,n,2.0NRT,292.67,1.03,N,VIIRS_NOAA21_NRT,,
31.4869,75.05367,310.26,0.4,0.37,2026-09-24,2053,N21,VIIRS,n,2.0NRT,294.98,1.18,N,VIIRS_NOAA21_NRT,,
31.54547,74.6069,331.8,0.4,0.44,2026-09-24,828,N21,VIIRS,n,2.0NRT,299.1,2.43,D,VIIRS_NOAA21_NRT,,
31.7938,74.69284,331.4,0.4,0.44,2026-09-24,828,N21,VIIRS,n,2.0NRT,298.07,4.91,D,VIIRS_NOAA21_NRT,,
31.90359,74.66436,330.68,0.42,0.45,2026-09-24,744,N20,VIIRS,n,2.0NRT,294.48,2.42,D,VIIRS_NOAA20_NRT,,
31.90613,74.66639,333.73,0.42,0.45,2026-09-24,744,N20,VIIRS,n,2.0NRT,295.92,2.5,D,VIIRS_NOAA20_NRT,,
15.16872,76.67115,295.99,0.43,0.38,2026-09-25,2038,N21,VIIRS,n,2.0NRT,269.62,1.04,N,VIIRS_NOAA21_NRT,,
15.17237,76.69218,300.31,0.43,0.38,2026-09-25,2038,N21,VIIRS,n,2.0NRT,267.19,0.67,N,VIIRS_NOAA21_NRT,,
15.1748,76.65598,304.81,0.43,0.38,2026-09-25,2038,N21,VIIRS,n,2.0NRT,269.3,1.09,N,VIIRS_NOAA21_NRT,,
15.17825,76.65662,296.11,0.43,0.38,2026-09-25,2038,N21,VIIRS,n,2.0NRT,268.64,0.87,N,VIIRS_NOAA21_NRT,,
15.17844,76.67702,298.07,0.43,0.38,2026-09-25,2038,N21,VIIRS,n,2.0NRT,270.28,1.38,N,VIIRS_NOAA21_NRT,,
15.18386,76.66578,307.36,0.43,0.38,2026-09-25,2038,N21,VIIRS,n,2.0NRT,267.98,0.76,N,VIIRS_NOAA21_NRT,,
15.65695,73.98927,299.47,0.38,0.36,2026-09-25,2038,N21,VIIRS,n,2.0NRT,265.49,0.43,N,VIIRS_NOAA21_NRT,,
15.89415,75.41387,303.63,0.52,0.67,2026-09-25,1951,N20,VIIRS,n,2.0NRT,278.45,0.89,N,VIIRS_NOAA20_NRT,,
15.89469,75.41759,328.34,0.39,0.36,2026-09-25,2038,N21,VIIRS,n,2.0NRT,287.21,3.25,N,VIIRS_NOAA21_NRT,,
15.89755,75.4159,295.59,0.52,0.5,2026-09-25,2114,N,VIIRS,n,2.0NRT,271.19,0.68,N,VIIRS_SNPP_NRT,,
18.46287,74.04241,,1.14,1.06,2026-09-25,345,Terra,MODIS,53,6.1NRT,,4.5,D,MODIS_NRT,308.85,295.01
18.68396,73.04115,309.64,0.5,0.41,2026-09-25,2114,N,VIIRS,n,2.0NRT,294.91,3.04,N,VIIRS_SNPP_NRT,,
18.6846,73.02856,303.04,0.41,0.37,2026-09-25,2036,N21,VIIRS,n,2.0NRT,287.09,1.14,N,VIIRS_NOAA21_NRT,,
18.68553,73.03807,303.34,0.43,0.62,2026-09-25,2131,N20,VIIRS,n,2.0NRT,291.74,2.39,N,VIIRS_NOAA20_NRT,,
18.68566,73.03166,312.27,0.5,0.41,2026-09-25,2114,N,VIIRS,n,2.0NRT,295.15,3.63,N,VIIRS_SNPP_NRT,,
18.69138,73.05018,303.69,0.43,0.62,2026-09-25,2131,N20,VIIRS,n,2.0NRT,291.33,1.26,N,VIIRS_NOAA20_NRT,,
18.8579,72.92867,367.0,0.34,0.56,2026-09-25,902,N20,VIIRS,h,2.0NRT,296.78,6.48,D,VIIRS_NOAA20_NRT,,
20.8686,70.56738,305.22,0.39,0.36,2026-09-25,2114,N,VIIRS,n,2.0NRT,294.89,1.28,N,VIIRS_SNPP_NRT,,
20.90922,71.4587,314.09,0.41,0.37,2026-09-25,2112,N,VIIRS,n,2.0NRT,289.64,1.26,N,VIIRS_SNPP_NRT,,
20.96703,86.00244,297.6,0.32,0.55,2026-09-25,1932,N,VIIRS,n,2.0NRT,282.59,1.53,N,VIIRS_SNPP_NRT,,
20.9944,86.01208,297.18,0.32,0.55,2026-09-25,1932,N,VIIRS,n,2.0NRT,282.48,0.9,N,VIIRS_SNPP_NRT,,
20.9995,86.01266,305.64,0.32,0.55,2026-09-25,1932,N,VIIRS,n,2.0NRT,284.19,0.9,N,VIIRS_SNPP_NRT,,
21.10069,72.63265,304.63,0.45,0.39,2026-09-25,2036,N21,VIIRS,n,2.0NRT,276.58,1.68,N,VIIRS_NOAA21_NRT,,
21.10218,72.63695,344.92,0.43,0.38,2026-09-25,843,N,VIIRS,n,2.0NRT,299.83,13.62,D,VIIRS_SNPP_NRT,,
21.10332,72.64526,337.71,0.43,0.38,2026-09-25,843,N,VIIRS,n,2.0NRT,299.43,5.22,D,VIIRS_SNPP_NRT,,
21.10619,72.64642,344.71,0.47,0.4,2026-09-25,807,N21,VIIRS,n,2.0NRT,305.16,23.31,D,VIIRS_NOAA21_NRT,,
21.10682,72.64472,340.35,0.43,0.38,2026-09-25,843,N,VIIRS,n,2.0NRT,300.65,5.22,D,VIIRS_SNPP_NRT,,
21.69298,73.23695,341.04,0.44,0.38,2026-09-25,807,N21,VIIRS,n,2.0NRT,298.47,6.96,D,VIIRS_NOAA21_NRT,,
21.88546,73.69077,332.31,0.42,0.38,2026-09-25,807,N21,VIIRS,n,2.0NRT,299.67,2.8,D,VIIRS_NOAA21_NRT,,
22.05331,88.12173,303.19,0.53,0.67,2026-09-25,2034,N21,VIIRS,n,2.0NRT,282.13,1.53,N,VIIRS_NOAA21_NRT,,
22.05646,88.12705,306.21,0.39,0.36,2026-09-25,1949,N20,VIIRS,n,2.0NRT,289.67,2.66,N,VIIRS_NOAA20_NRT,,
22.16726,69.81633,,1.71,1.28,2026-09-25,1028,Aqua,MODIS,68,6.1NRT,,19.78,D,MODIS_NRT,321.6,304.22
22.3375,69.86721,309.72,0.38,0.36,2026-09-25,2112,N,VIIRS,n,2.0NRT,299.49,2.07,N,VIIRS_SNPP_NRT,,
22.33927,69.85606,315.73,0.38,0.36,2026-09-25,2112,N,VIIRS,n,2.0NRT,300.93,2.53,N,VIIRS_SNPP_NRT,,
22.33986,69.85315,308.4,0.46,0.47,2026-09-25,2131,N20,VIIRS,n,2.0NRT,298.15,3.19,N,VIIRS_NOAA20_NRT,,
22.36356,87.01646,309.33,0.4,0.37,2026-09-25,1949,N20,VIIRS,n,2.0NRT,290.18,1.87,N,VIIRS_NOAA20_NRT,,
22.37738,87.27644,301.04,0.46,0.64,2026-09-25,2034,N21,VIIRS,n,2.0NRT,287.22,1.33,N,VIIRS_NOAA21_NRT,,
22.41668,69.03753,307.25,0.49,0.48,2026-09-25,2036,N21,VIIRS,n,2.0NRT,296.69,2.81,N,VIIRS_NOAA21_NRT,,
22.43056,69.83376,308.34,0.38,0.36,2026-09-25,2112,N,VIIRS,n,2.0NRT,297.18,0.72,N,VIIRS_SNPP_NRT,,
22.63026,86.17858,302.91,0.33,0.55,2026-09-25,1932,N,VIIRS,n,2.0NRT,286.99,1.15,N,VIIRS_SNPP_NRT,,
22.63914,70.98642,336.2,0.4,0.37,2026-09-25,843,N,VIIRS,n,2.0NRT,305.91,2.26,D,VIIRS_SNPP_NRT,,
22.75967,76.13454,335.0,0.38,0.36,2026-09-25,807,N21,VIIRS,n,2.0NRT,298.8,3.2,D,VIIRS_NOAA21_NRT,,
22.79265,86.1945,306.86,0.43,0.38,2026-09-25,1949,N20,VIIRS,n,2.0NRT,289.03,1.14,N,VIIRS_NOAA20_NRT,,
22.8181,69.40692,336.39,0.44,0.46,2026-09-25,807,N21,VIIRS,n,2.0NRT,304.56,3.84,D,VIIRS_NOAA21_NRT,,
22.87757,69.58741,308.76,0.45,0.47,2026-09-25,2036,N21,VIIRS,n,2.0NRT,296.83,1.62,N,VIIRS_NOAA21_NRT,,
22.91738,69.46445,335.0,0.44,0.46,2026-09-25,807,N21,VIIRS,n,2.0NRT,305.36,2.73,D,VIIRS_NOAA21_NRT,,
22.93247,69.69941,341.66,0.47,0.48,2026-09-25,905,N20,VIIRS,n,2.0NRT,308.89,4.91,D,VIIRS_NOAA20_NRT,,
22.93579,69.70051,308.08,0.44,0.46,2026-09-25,2131,N20,VIIRS,n,2.0NRT,296.13,3.45,N,VIIRS_NOAA20_NRT,,
22.96784,72.55392,305.93,0.47,0.4,2026-09-25,2036,N21,VIIRS,n,2.0NRT,289.62,0.83,N,VIIRS_NOAA21_NRT,,
23.00401,70.06116,343.98,0.4,0.44,2026-09-25,807,N21,VIIRS,n,2.0NRT,308.39,6.74,D,VIIRS_NOAA21_NRT,,
23.12218,70.08675,327.97,0.46,0.47,2026-09-25,2131,N20,VIIRS,n,2.0NRT,296.44,2.76,N,VIIRS_NOAA20_NRT,,
23.16928,70.21937,308.3,0.38,0.36,2026-09-25,2112,N,VIIRS,n,2.0NRT,298.0,1.32,N,VIIRS_SNPP_NRT,,
23.25704,70.26257,312.33,0.38,0.36,2026-09-25,2112,N,VIIRS,n,2.0NRT,297.51,1.11,N,VIIRS_SNPP_NRT,,
23.26816,70.25694,307.43,0.38,0.36,2026-09-25,2112,N,VIIRS,n,2.0NRT,297.25,1.18,N,VIIRS_SNPP_NRT,,
23.31582,70.48887,309.64,0.39,0.36,2026-09-25,2112,N,VIIRS,n,2.0NRT,298.28,1.01,N,VIIRS_SNPP_NRT,,
23.58118,86.72454,309.78,0.42,0.37,2026-09-25,1949,N20,VIIRS,n,2.0NRT,292.03,1.65,N,VIIRS_NOAA20_NRT,,
23.63302,86.29369,306.11,0.43,0.38,2026-09-25,1949,N20,VIIRS,n,2.0NRT,289.8,1.62,N,VIIRS_NOAA20_NRT,,
23.68424,86.39553,310.74,0.43,0.38,2026-09-25,1949,N20,VIIRS,n,2.0NRT,290.15,2.16,N,VIIRS_NOAA20_NRT,,
23.68484,86.39132,312.57,0.43,0.38,2026-09-25,1949,N20,VIIRS,n,2.0NRT,290.02,2.35,N,VIIRS_NOAA20_NRT,,
23.76654,86.40283,299.45,0.43,0.38,2026-09-25,1949,N20,VIIRS,n,2.0NRT,287.78,1.27,N,VIIRS_NOAA20_NRT,,
23.77207,86.19344,299.23,0.37,0.58,2026-09-25,2034,N21,VIIRS,n,2.0NRT,285.14,1.06,N,VIIRS_NOAA21_NRT,,
23.77252,86.19855,299.03,0.34,0.56,2026-09-25,1932,N,VIIRS,n,2.0NRT,284.83,1.54,N,VIIRS_SNPP_NRT,,
23.77411,86.20876,298.15,0.37,0.58,2026-09-25,2034,N21,VIIRS,n,2.0NRT,284.73,2.04,N,VIIRS_NOAA21_NRT,,
23.77531,86.3656,314.16,0.43,0.38,2026-09-25,1949,N20,VIIRS,n,2.0NRT,290.39,2.02,N,VIIRS_NOAA20_NRT,,
23.77932,86.38784,303.93,0.43,0.38,2026-09-25,1949,N20,VIIRS,n,2.0NRT,288.99,0.78,N,VIIRS_NOAA20_NRT,,
24.11442,86.85885,311.92,0.42,0.37,2026-09-25,1949,N20,VIIRS,n,2.0NRT,292.06,2.3,N,VIIRS_NOAA20_NRT,,
24.65789,73.87594,305.65,0.46,0.39,2026-09-25,2112,N,VIIRS,n,2.0NRT,294.23,1.13,N,VIIRS_SNPP_NRT,,
24.6637,74.63251,303.17,0.41,0.61,2026-09-25,2131,N20,VIIRS,n,2.0NRT,287.34,1.3,N,VIIRS_NOAA20_NRT,,
24.69133,73.00352,312.34,0.43,0.38,2026-09-25,2112,N,VIIRS,n,2.0NRT,297.42,2.04,N,VIIRS_SNPP_NRT,,
24.82137,73.09346,315.8,0.43,0.38,2026-09-25,2112,N,VIIRS,n,2.0NRT,298.85,2.14,N,VIIRS_SNPP_NRT,,
25.50459,76.29142,336.55,0.39,0.36,2026-09-25,807,N21,VIIRS,n,2.0NRT,304.72,3.88,D,VIIRS_NOAA21_NRT,,
26.25828,74.09519,306.89,0.44,0.38,2026-09-25,2034,N21,VIIRS,n,2.0NRT,296.61,1.34,N,VIIRS_NOAA21_NRT,,
26.25904,74.09378,305.02,0.35,0.57,2026-09-25,2129,N20,VIIRS,n,2.0NRT,294.57,0.73,N,VIIRS_NOAA20_NRT,,
26.87246,73.51851,309.67,0.42,0.38,2026-09-25,2110,N,VIIRS,n,2.0NRT,297.04,1.2,N,VIIRS_SNPP_NRT,,
26.87664,73.51504,312.01,0.42,0.38,2026-09-25,2110,N,VIIRS,n,2.0NRT,296.95,2.11,N,VIIRS_SNPP_NRT,,
26.92624,73.46744,308.67,0.42,0.38,2026-09-25,2110,N,VIIRS,n,2.0NRT,297.15,1.04,N,VIIRS_SNPP_NRT,,
27.66809,76.13132,308.5,0.53,0.42,2026-09-25,2110,N,VIIRS,n,2.0NRT,294.89,2.38,N,VIIRS_SNPP_NRT,,
28.03522,76.6364,345.72,0.42,0.37,2026-09-25,807,N21,VIIRS,n,2.0NRT,301.11,4.49,D,VIIRS_NOAA21_NRT,,
28.32468,77.2164,303.04,0.54,0.68,2026-09-25,1949,N20,VIIRS,n,2.0NRT,287.49,0.84,N,VIIRS_NOAA20_NRT,,
28.34614,77.23,308.85,0.4,0.44,2026-09-25,2110,N,VIIRS,n,2.0NRT,291.76,0.7,N,VIIRS_SNPP_NRT,,
28.47246,76.95984,324.32,0.39,0.36,2026-09-25,2034,N21,VIIRS,n,2.0NRT,294.29,2.23,N,VIIRS_NOAA21_NRT,,
28.51131,76.53602,333.38,0.42,0.37,2026-09-25,807,N21,VIIRS,n,2.0NRT,302.25,8.54,D,VIIRS_NOAA21_NRT,,
28.7114,76.85444,304.46,0.58,0.69,2026-09-25,1949,N20,VIIRS,n,2.0NRT,290.71,0.83,N,VIIRS_NOAA20_NRT,,
28.74282,76.92647,308.37,0.39,0.36,2026-09-25,2034,N21,VIIRS,n,2.0NRT,293.81,0.58,N,VIIRS_NOAA21_NRT,,
28.74586,77.12883,308.73,0.55,0.68,2026-09-25,1949,N20,VIIRS,n,2.0NRT,290.46,1.81,N,VIIRS_NOAA20_NRT,,
28.74872,77.1236,312.17,0.55,0.68,2026-09-25,1949,N20,VIIRS,n,2.0NRT,290.16,2.71,N,VIIRS_NOAA20_NRT,,
28.83659,77.13735,304.7,0.39,0.36,2026-09-25,2034,N21,VIIRS,n,2.0NRT,293.11,0.81,N,VIIRS_NOAA21_NRT,,
28.84225,77.83348,330.44,0.47,0.39,2026-09-25,807,N21,VIIRS,n,2.0NRT,294.47,1.56,D,VIIRS_NOAA21_NRT,,
29.24404,76.47194,332.18,0.42,0.38,2026-09-25,809,N21,VIIRS,n,2.0NRT,298.41,2.74,D,VIIRS_NOAA21_NRT,,
29.74121,76.37306,332.7,0.42,0.38,2026-09-25,809,N21,VIIRS,n,2.0NRT,299.67,4.03,D,VIIRS_NOAA21_NRT,,
30.61551,74.2737,309.52,0.41,0.37,2026-09-25,2110,N,VIIRS,n,2.0NRT,294.36,0.73,N,VIIRS_SNPP_NRT,,
30.81182,76.01755,306.55,0.47,0.4,2026-09-25,2110,N,VIIRS,n,2.0NRT,293.34,1.26,N,VIIRS_SNPP_NRT,,
30.81184,76.01312,304.96,0.67,0.74,2026-09-25,1947,N20,VIIRS,n,2.0NRT,289.21,1.2,N,VIIRS_NOAA20_NRT,,
31.183,74.62638,331.76,0.39,0.36,2026-09-25,809,N21,VIIRS,n,2.0NRT,298.66,2.43,D,VIIRS_NOAA21_NRT,,
31.24919,76.93047,299.62,0.39,0.37,2026-09-25,2034,N21,VIIRS,n,2.0NRT,289.01,0.24,N,VIIRS_NOAA21_NRT,,
31.25991,76.92419,303.16,0.4,0.6,2026-09-25,2127,N20,VIIRS,n,2.0NRT,287.51,0.77,N,VIIRS_NOAA20_NRT,,
31.25997,76.92519,301.61,0.51,0.41,2026-09-25,2110,N,VIIRS,n,2.0NRT,289.02,0.93,N,VIIRS_SNPP_NRT,,
31.36014,75.18115,333.03,0.4,0.37,2026-09-25,809,N21,VIIRS,n,2.0NRT,297.24,3.44,D,VIIRS_NOAA21_NRT,,
31.41075,75.06158,343.22,0.4,0.37,2026-09-25,809,N21,VIIRS,n,2.0NRT,300.64,3.96,D,VIIRS_NOAA21_NRT,,
31.41286,76.83652,303.3,0.4,0.37,2026-09-25,2034,N21,VIIRS,n,2.0NRT,291.87,0.86,N,VIIRS_NOAA21_NRT,,
31.47302,75.06176,330.12,0.62,0.71,2026-09-25,905,N20,VIIRS,n,2.0NRT,292.06,3.97,D,VIIRS_NOAA20_NRT,,
31.47933,74.89074,332.69,0.4,0.37,2026-09-25,809,N21,VIIRS,n,2.0NRT,299.76,1.74,D,VIIRS_NOAA21_NRT,,
31.59107,74.76459,,1.1,1.04,2026-09-25,1030,Aqua,MODIS,52,6.1NRT,,6.05,D,MODIS_NRT,312.71,298.6
31.62267,74.94975,331.06,0.4,0.37,2026-09-25,809,N21,VIIRS,n,2.0NRT,300.68,1.85,D,VIIRS_NOAA21_NRT,,
31.73156,74.917,,1.11,1.05,2026-09-25,1030,Aqua,MODIS,65,6.1NRT,,7.09,D,MODIS_NRT,314.94,300.89
31.77865,74.99026,,1.12,1.06,2026-09-25,1030,Aqua,MODIS,65,6.1NRT,,6.54,D,MODIS_NRT,314.86,300.22
31.83345,74.7467,330.63,0.49,0.48,2026-09-25,845,N,VIIRS,n,2.0NRT,298.5,2.6,D,VIIRS_SNPP_NRT,,
31.85348,74.68118,332.34,0.39,0.36,2026-09-25,809,N21,VIIRS,n,2.0NRT,301.25,4.61,D,VIIRS_NOAA21_NRT,,
31.85949,74.60365,331.25,0.39,0.36,2026-09-25,809,N21,VIIRS,n,2.0NRT,297.37,2.91,D,VIIRS_NOAA21_NRT,,
31.87755,74.69375,,1.1,1.04,2026-09-25,1030,Aqua,MODIS,69,6.1NRT,,9.71,D,MODIS_NRT,316.72,300.39
31.87893,75.05732,330.2,0.4,0.37,2026-09-25,809,N21,VIIRS,n,2.0NRT,298.49,2.62,D,VIIRS_NOAA21_NRT,,
8.60636,77.96252,338.78,0.45,0.47,2026-09-26,744,N21,VIIRS,n,2.0NRT,299.03,5.26,D,VIIRS_NOAA21_NRT,,
8.70809,78.06082,348.23,0.38,0.36,2026-09-26,822,N,VIIRS,n,2.0NRT,306.85,9.22,D,VIIRS_SNPP_NRT,,
8.8704,78.0858,341.85,0.52,0.5,2026-09-26,839,N20,VIIRS,n,2.0NRT,300.36,8.56,D,VIIRS_NOAA20_NRT,,
8.91683,78.02504,332.78,0.44,0.46,2026-09-26,744,N21,VIIRS,n,2.0NRT,302.2,2.46,D,VIIRS_NOAA21_NRT,,
8.93587,77.83012,341.13,0.45,0.47,2026-09-26,744,N21,VIIRS,n,2.0NRT,302.09,4.67,D,VIIRS_NOAA21_NRT,,
9.07137,77.67777,342.77,0.46,0.47,2026-09-26,744,N21,VIIRS,n,2.0NRT,304.36,6.29,D,VIIRS_NOAA21_NRT,,
9.09714,77.63252,340.39,0.46,0.47,2026-09-26,744,N21,VIIRS,n,2.0NRT,302.61,2.59,D,VIIRS_NOAA21_NRT,,
9.14211,77.68827,345.84,0.46,0.47,2026-09-26,744,N21,VIIRS,n,2.0NRT,307.57,15.25,D,VIIRS_NOAA21_NRT,,
9.3373,78.68853,343.59,0.39,0.44,2026-09-26,744,N21,VIIRS,n,2.0NRT,303.88,5.62,D,VIIRS_NOAA21_NRT,,
9.34061,76.8941,331.55,0.39,0.36,2026-09-26,822,N,VIIRS,n,2.0NRT,299.64,3.41,D,VIIRS_SNPP_NRT,,
9.39067,77.6126,350.62,0.46,0.47,2026-09-26,744,N21,VIIRS,n,2.0NRT,309.03,7.92,D,VIIRS_NOAA21_NRT,,
9.42437,78.28694,343.43,0.41,0.45,2026-09-26,744,N21,VIIRS,n,2.0NRT,308.63,5.77,D,VIIRS_NOAA21_NRT,,
9.43486,78.68918,337.44,0.39,0.36,2026-09-26,822,N,VIIRS,n,2.0NRT,305.28,4.32,D,VIIRS_SNPP_NRT,,
9.46338,77.75925,336.14,0.44,0.46,2026-09-26,744,N21,VIIRS,n,2.0NRT,305.87,4.09,D,VIIRS_NOAA21_NRT,,
9.47696,78.64985,339.91,0.39,0.36,2026-09-26,822,N,VIIRS,n,2.0NRT,308.04,7.68,D,VIIRS_SNPP_NRT,,
9.48945,78.58305,338.52,0.58,0.52,2026-09-26,839,N20,VIIRS,n,2.0NRT,306.39,8.26,D,VIIRS_NOAA20_NRT,,
9.49971,77.69122,340.32,0.45,0.47,2026-09-26,744,N21,VIIRS,n,2.0NRT,305.01,1.77,D,VIIRS_NOAA21_NRT,,
9.50723,77.60115,343.68,0.38,0.36,2026-09-26,822,N,VIIRS,n,2.0NRT,311.03,2.35,D,VIIRS_SNPP_NRT,,
9.54364,77.79539,346.46,0.38,0.36,2026-09-26,822,N,VIIRS,n,2.0NRT,311.06,5.38,D,VIIRS_SNPP_NRT,,
9.70522,77.67236,346.28,0.45,0.47,2026-09-26,744,N21,VIIRS,n,2.0NRT,303.55,10.28,D,VIIRS_NOAA21_NRT,,
9.70794,77.67541,343.31,0.38,0.36,2026-09-26,822,N,VIIRS,n,2.0NRT,305.63,5.37,D,VIIRS_SNPP_NRT,,
9.7139,77.27146,342.21,0.38,0.36,2026-09-26,822,N,VIIRS,n,2.0NRT,306.89,4.06,D,VIIRS_SNPP_NRT,,
9.7662,79.0093,332.83,0.62,0.54,2026-09-26,839,N20,VIIRS,n,2.0NRT,299.49,3.43,D,VIIRS_NOAA20_NRT,,
9.81778,78.89182,333.16,0.61,0.54,2026-09-26,839,N20,VIIRS,n,2.0NRT,300.64,5.12,D,VIIRS_NOAA20_NRT,,
9.82869,78.27081,336.86,0.39,0.36,2026-09-26,822,N,VIIRS,n,2.0NRT,303.41,1.59,D,VIIRS_SNPP_NRT,,
9.83428,78.91562,347.16,0.4,0.37,2026-09-26,822,N,VIIRS,n,2.0NRT,309.79,7.99,D,VIIRS_SNPP_NRT,,
9.8345,78.91451,337.25,0.56,0.43,2026-09-26,744,N21,VIIRS,n,2.0NRT,307.04,4.51,D,VIIRS_NOAA21_NRT,,
9.85983,78.21469,332.94,0.55,0.51,2026-09-26,839,N20,VIIRS,n,2.0NRT,299.32,4.03,D,VIIRS_NOAA20_NRT,,
9.86498,78.16965,342.84,0.41,0.45,2026-09-26,744,N21,VIIRS,n,2.0NRT,305.95,4.55,D,VIIRS_NOAA21_NRT,,
9.87609,78.30017,331.2,0.56,0.51,2026-09-26,839,N20,VIIRS,n,2.0NRT,299.55,3.44,D,VIIRS_NOAA20_NRT,,
9.89073,77.68811,341.6,0.44,0.46,2026-09-26,744,N21,VIIRS,n,2.0NRT,304.77,6.79,D,VIIRS_NOAA21_NRT,,
9.9919,78.67371,333.55,0.38,0.43,2026-09-26,744,N21,VIIRS,n,2.0NRT,302.76,1.88,D,VIIRS_NOAA21_NRT,,
10.00231,78.3959,337.89,0.39,0.36,2026-09-26,822,N,VIIRS,n,2.0NRT,304.13,1.63,D,VIIRS_SNPP_NRT,,
10.07318,78.54955,334.87,0.39,0.36,2026-09-26,822,N,VIIRS,n,2.0NRT,303.97,0.59,D,VIIRS_SNPP_NRT,,
10.10535,77.7984,340.96,0.39,0.36,2026-09-26,822,N,VIIRS,n,2.0NRT,304.09,5.6,D,VIIRS_SNPP_NRT,,
10.29494,77.39894,331.92,0.38,0.36,2026-09-26,822,N,VIIRS,n,2.0NRT,302.86,2.92,D,VIIRS_SNPP_NRT,,
10.37486,79.26812,343.2,0.41,0.37,2026-09-26,822,N,VIIRS,n,2.0NRT,310.65,7.06,D,VIIRS_SNPP_NRT,,
10.37598,79.26829,333.48,0.33,0.55,2026-09-26,839,N20,VIIRS,n,2.0NRT,301.76,2.22,D,VIIRS_NOAA20_NRT,,
10.4187,79.23825,338.75,0.33,0.55,2026-09-26,839,N20,VIIRS,n,2.0NRT,300.77,3.22,D,VIIRS_NOAA20_NRT,,
10.435,79.22451,338.54,0.41,0.37,2026-09-26,822,N,VIIRS,n,2.0NRT,305.74,2.91,D,VIIRS_SNPP_NRT,,
10.46607,79.25027,347.44,0.41,0.37,2026-09-26,822,N,VIIRS,n,2.0NRT,310.6,5.43,D,VIIRS_SNPP_NRT,,
10.53714,77.34552,339.3,0.38,0.36,2026-09-26,822,N,VIIRS,n,2.0NRT,308.05,3.97,D,VIIRS_SNPP_NRT,,
10.54768,79.61707,341.17,0.43,0.38,2026-09-26,822,N,VIIRS,n,2.0NRT,309.96,4.71,D,VIIRS_SNPP_NRT,,
10.78657,77.78237,343.29,0.42,0.45,2026-09-26,746,N21,VIIRS,n,2.0NRT,308.11,2.77,D,VIIRS_NOAA21_NRT,,
10.83539,78.67876,337.72,0.4,0.37,2026-09-26,822,N,VIIRS,n,2.0NRT,307.13,2.84,D,VIIRS_SNPP_NRT,,
10.88271,79.31465,339.93,0.34,0.56,2026-09-26,841,N20,VIIRS,n,2.0NRT,299.96,4.07,D,VIIRS_NOAA20_NRT,,
10.90152,79.74362,336.23,0.49,0.4,2026-09-26,746,N21,VIIRS,n,2.0NRT,306.58,7.68,D,VIIRS_NOAA21_NRT,,
10.90489,79.74549,343.07,0.43,0.38,2026-09-26,822,N,VIIRS,n,2.0NRT,306.72,4.2,D,VIIRS_SNPP_NRT,,
10.90518,79.74301,341.17,0.49,0.4,2026-09-26,746,N21,VIIRS,n,2.0NRT,305.7,7.68,D,VIIRS_NOAA21_NRT,,
11.0683,79.28805,345.74,0.42,0.38,2026-09-26,822,N,VIIRS,n,2.0NRT,308.27,5.75,D,VIIRS_SNPP_NRT,,
11.1185,76.91002,334.29,0.48,0.48,2026-09-26,746,N21,VIIRS,n,2.0NRT,301.66,4.54,D,VIIRS_NOAA21_NRT,,
11.12721,77.43645,341.11,0.44,0.46,2026-09-26,746,N21,VIIRS,n,2.0NRT,300.04,3.88,D,VIIRS_NOAA21_NRT,,
11.13447,76.97626,333.39,0.47,0.48,2026-09-26,746,N21,VIIRS,n,2.0NRT,301.03,4.55,D,VIIRS_NOAA21_NRT,,
11.23387,78.15085,341.42,0.39,0.36,2026-09-26,822,N,VIIRS,n,2.0NRT,306.23,3.46,D,VIIRS_SNPP_NRT,,
11.24288,79.49145,338.93,0.43,0.38,2026-09-26,822,N,VIIRS,n,2.0NRT,304.27,3.58,D,VIIRS_SNPP_NRT,,
11.43383,78.12321,332.86,0.57,0.52,2026-09-26,841,N20,VIIRS,n,2.0NRT,301.91,2.03,D,VIIRS_NOAA20_NRT,,
11.65035,79.12324,349.37,0.51,0.41,2026-09-26,746,N21,VIIRS,n,2.0NRT,310.68,25.38,D,VIIRS_NOAA21_NRT,,
11.70279,79.28355,342.86,0.35,0.56,2026-09-26,841,N20,VIIRS,n,2.0NRT,300.17,3.16,D,VIIRS_NOAA20_NRT,,
11.80806,77.92495,338.09,0.39,0.36,2026-09-26,822,N,VIIRS,n,2.0NRT,305.88,1.88,D,VIIRS_SNPP_NRT,,
12.79066,79.92429,338.35,0.46,0.39,2026-09-26,822,N,VIIRS,n,2.0NRT,303.34,3.15,D,VIIRS_SNPP_NRT,,
12.82812,78.09982,337.1,0.4,0.37,2026-09-26,822,N,VIIRS,n,2.0NRT,298.22,2.39,D,VIIRS_SNPP_NRT,,
12.84071,78.52483,347.13,0.32,0.54,2026-09-26,841,N20,VIIRS,n,2.0NRT,297.83,4.76,D,VIIRS_NOAA20_NRT,,
12.89057,79.12044,342.29,0.43,0.38,2026-09-26,822,N,VIIRS,n,2.0NRT,301.97,3.42,D,VIIRS_SNPP_NRT,,
13.09928,78.75746,332.7,0.51,0.41,2026-09-26,746,N21,VIIRS,n,2.0NRT,298.12,5.77,D,VIIRS_NOAA21_NRT,,
13.46123,79.84966,336.2,0.46,0.39,2026-09-26,822,N,VIIRS,n,2.0NRT,302.95,2.27,D,VIIRS_SNPP_NRT,,
14.02246,79.93305,338.21,0.47,0.4,2026-09-26,822,N,VIIRS,n,2.0NRT,305.53,5.05,D,VIIRS_SNPP_NRT,,
14.26159,79.69938,343.63,0.4,0.6,2026-09-26,841,N20,VIIRS,n,2.0NRT,296.36,3.73,D,VIIRS_NOAA20_NRT,,
14.5209,77.51229,339.41,0.39,0.36,2026-09-26,822,N,VIIRS,n,2.0NRT,294.91,3.82,D,VIIRS_SNPP_NRT,,
14.66404,79.57529,337.29,0.46,0.39,2026-09-26,822,N,VIIRS,n,2.0NRT,301.02,2.52,D,VIIRS_SNPP_NRT,,
14.79062,79.70827,334.2,0.47,0.4,2026-09-26,822,N,VIIRS,n,2.0NRT,301.31,2.59,D,VIIRS_SNPP_NRT,,
15.16244,76.38383,334.13,0.49,0.49,2026-09-26,841,N20,VIIRS,n,2.0NRT,295.88,8.43,D,VIIRS_NOAA20_NRT,,
15.18433,76.66764,340.48,0.42,0.45,2026-09-26,746,N21,VIIRS,n,2.0NRT,298.8,4.2,D,VIIRS_NOAA21_NRT,,
15.34119,75.16848,335.91,0.39,0.36,2026-09-26,822,N,VIIRS,n,2.0NRT,303.18,2.28,D,VIIRS_SNPP_NRT,,
15.48053,79.82989,336.67,0.49,0.4,2026-09-26,822,N,VIIRS,n,2.0NRT,302.57,3.2,D,VIIRS_SNPP_NRT,,
15.68949,80.00367,338.24,0.5,0.41,2026-09-26,822,N,VIIRS,n,2.0NRT,302.37,3.92,D,VIIRS_SNPP_NRT,,
15.87297,80.60088,334.72,0.4,0.37,2026-09-26,746,N21,VIIRS,n,2.0NRT,303.39,3.46,D,VIIRS_NOAA21_NRT,,
17.60976,83.20496,344.48,0.4,0.37,2026-09-26,746,N21,VIIRS,n,2.0NRT,304.33,4.58,D,VIIRS_NOAA21_NRT,,
18.44931,75.2264,330.83,0.46,0.47,2026-09-26,843,N20,VIIRS,n,2.0NRT,286.98,3.6,D,VIIRS_NOAA20_NRT,,
18.46832,74.27671,336.56,0.39,0.36,2026-09-26,824,N,VIIRS,n,2.0NRT,301.49,4.4,D,VIIRS_SNPP_NRT,,
19.10064,74.18387,345.84,0.39,0.36,2026-09-26,824,N,VIIRS,n,2.0NRT,302.26,7.57,D,VIIRS_SNPP_NRT,,
20.38382,74.14952,341.23,0.42,0.45,2026-09-26,843,N20,VIIRS,n,2.0NRT,297.4,4.41,D,VIIRS_NOAA20_NRT,,
21.10225,72.63475,331.91,0.42,0.37,2026-09-26,824,N,VIIRS,n,2.0NRT,289.28,3.53,D,VIIRS_SNPP_NRT,,
21.1029,72.63873,333.08,0.42,0.37,2026-09-26,824,N,VIIRS,n,2.0NRT,287.95,5.1,D,VIIRS_SNPP_NRT,,
21.10421,72.64667,332.45,0.42,0.37,2026-09-26,824,N,VIIRS,n,2.0NRT,288.16,5.53,D,VIIRS_SNPP_NRT,,
21.10679,72.64727,340.31,0.59,0.53,2026-09-26,748,N21,VIIRS,n,2.0NRT,281.18,11.32,D,VIIRS_NOAA21_NRT,,
21.19291,81.38882,331.08,0.39,0.36,2026-09-26,748,N21,VIIRS,n,2.0NRT,279.21,4.58,D,VIIRS_NOAA21_NRT,,
22.48005,75.45055,332.38,0.39,0.36,2026-09-26,826,N,VIIRS,n,2.0NRT,304.57,1.66,D,VIIRS_SNPP_NRT,,
22.77287,75.46678,333.85,0.39,0.36,2026-09-26,826,N,VIIRS,n,2.0NRT,301.38,1.54,D,VIIRS_SNPP_NRT,,
23.07827,75.67865,334.97,0.4,0.37,2026-09-26,826,N,VIIRS,n,2.0NRT,298.29,2.29,D,VIIRS_SNPP_NRT,,
23.12794,69.90655,341.05,0.42,0.37,2026-09-26,843,N20,VIIRS,n,2.0NRT,308.12,9.01,D,VIIRS_NOAA20_NRT,,
23.50695,69.26672,342.36,0.43,0.62,2026-09-26,750,N21,VIIRS,n,2.0NRT,303.6,5.89,D,VIIRS_NOAA21_NRT,,
25.5578,76.05056,330.74,0.42,0.38,2026-09-26,826,N,VIIRS,n,2.0NRT,298.8,2.16,D,VIIRS_SNPP_NRT,,
28.73252,76.92909,331.28,0.49,0.4,2026-09-26,826,N,VIIRS,n,2.0NRT,299.81,3.84,D,VIIRS_SNPP_NRT,,
29.22641,73.6429,339.36,0.39,0.36,2026-09-26,826,N,VIIRS,n,2.0NRT,308.09,3.57,D,VIIRS_SNPP_NRT,,
29.22699,73.64688,342.1,0.39,0.36,2026-09-26,826,N,VIIRS,n,2.0NRT,310.12,3.57,D,VIIRS_SNPP_NRT,,
30.03959,75.77003,335.07,0.34,0.56,2026-09-26,845,N20,VIIRS,n,2.0NRT,295.48,2.77,D,VIIRS_NOAA20_NRT,,
30.58989,76.90581,330.02,0.51,0.41,2026-09-26,828,N,VIIRS,n,2.0NRT,295.0,1.8,D,VIIRS_SNPP_NRT,,
30.6112,75.04105,335.14,0.43,0.38,2026-09-26,828,N,VIIRS,n,2.0NRT,301.21,4.64,D,VIIRS_SNPP_NRT,,
30.98959,75.29948,331.8,0.44,0.38,2026-09-26,828,N,VIIRS,n,2.0NRT,299.67,3.47,D,VIIRS_SNPP_NRT,,
31.10823,74.83191,344.33,0.43,0.38,2026-09-26,828,N,VIIRS,n,2.0NRT,301.87,14.72,D,VIIRS_SNPP_NRT,,
31.30234,74.867,334.21,0.43,0.38,2026-09-26,828,N,VIIRS,n,2.0NRT,302.47,3.86,D,VIIRS_SNPP_NRT,,
31.33788,75.02445,333.55,0.43,0.38,2026-09-26,828,N,VIIRS,n,2.0NRT,301.23,3.58,D,VIIRS_SNPP_NRT,,
31.33802,75.02751,333.46,0.43,0.38,2026-09-26,828,N,VIIRS,n,2.0NRT,300.87,4.08,D,VIIRS_SNPP_NRT,,
31.40663,75.02548,336.47,0.44,0.39,2026-09-26,750,N21,VIIRS,n,2.0NRT,301.31,5.59,D,VIIRS_NOAA21_NRT,,
31.41012,75.02464,344.46,0.44,0.39,2026-09-26,750,N21,VIIRS,n,2.0NRT,301.16,5.59,D,VIIRS_NOAA21_NRT,,
31.42388,75.21657,343.52,0.44,0.39,2026-09-26,828,N,VIIRS,n,2.0NRT,298.06,5.61,D,VIIRS_SNPP_NRT,,
31.47236,75.05521,346.21,0.32,0.55,2026-09-26,845,N20,VIIRS,n,2.0NRT,298.88,3.03,D,VIIRS_NOAA20_NRT,,
31.6192,75.28679,334.0,0.45,0.39,2026-09-26,828,N,VIIRS,n,2.0NRT,298.8,3.66,D,VIIRS_SNPP_NRT,,
31.62848,74.99851,334.57,0.44,0.38,2026-09-26,750,N21,VIIRS,n,2.0NRT,301.94,4.82,D,VIIRS_NOAA21_NRT,,
31.73568,75.25216,340.59,0.33,0.55,2026-09-26,845,N20,VIIRS,n,2.0NRT,299.53,4.14,D,VIIRS_NOAA20_NRT,,
31.77441,74.97915,367.0,0.32,0.55,2026-09-26,848,N20,VIIRS,h,2.0NRT,297.2,6.06,D,VIIRS_NOAA20_NRT,,
31.78459,74.57161,336.22,0.42,0.38,2026-09-26,828,N,VIIRS,n,2.0NRT,304.09,3.66,D,VIIRS_SNPP_NRT,,
31.78805,74.57098,336.53,0.42,0.38,2026-09-26,828,N,VIIRS,n,2.0NRT,300.83,3.66,D,VIIRS_SNPP_NRT,,
31.79158,74.73124,332.84,0.43,0.38,2026-09-26,828,N,VIIRS,n,2.0NRT,302.33,3.6,D,VIIRS_SNPP_NRT,,
31.81451,74.66253,334.19,0.43,0.38,2026-09-26,828,N,VIIRS,n,2.0NRT,302.59,3.63,D,VIIRS_SNPP_NRT,,
31.81464,74.69016,331.68,0.43,0.38,2026-09-26,828,N,VIIRS,n,2.0NRT,303.5,2.03,D,VIIRS_SNPP_NRT,,
